Date,Product_Category,Sales_Volume,Price,Promotion,Store_Location,Weekday,Supplier_Cost,Replenishment_Lead_Time,Stock_Level
1/1/2022,Household,1583,5.190661374,0,Urban,11/11/2025,9.299280855,9,207
1/2/2022,Personal Care,1103,8.949595985,0,Urban,11/11/2025,13.27410858,5,253
1/3/2022,Dairy,455,4.867987327,0,Rural,11/11/2025,13.30226484,9,245
1/4/2022,Personal Care,1107,16.96859572,1,Urban,11/11/2025,10.05615845,5,265
1/5/2022,Personal Care,1447,4.309673395,1,Rural,11/11/2025,3.562861556,8,334
1/6/2022,Snacks,1256,19.25483048,1,Urban,11/11/2025,13.01345405,1,245
1/7/2022,Dairy,987,8.902239957,0,Suburban,11/11/2025,13.34835481,7,356
1/8/2022,Dairy,1928,17.07866055,0,Rural,11/11/2025,3.351476982,4,201
1/9/2022,Dairy,1963,12.94653155,1,Rural,11/11/2025,11.19267824,5,63
1/10/2022,Personal Care,226,14.97165567,1,Urban,11/11/2025,4.654533459,6,374
1/11/2022,Household,1229,15.58675387,0,Rural,11/11/2025,12.13828453,5,195
1/12/2022,Dairy,1108,10.59205276,0,Rural,11/11/2025,14.95994955,1,475
1/13/2022,Personal Care,703,11.32270994,0,Suburban,11/11/2025,0.935377077,9,106
1/14/2022,Snacks,1922,10.76592149,0,Suburban,11/11/2025,13.51180505,2,260
1/15/2022,Household,1501,12.17310918,1,Urban,11/11/2025,9.528142737,9,317
1/16/2022,Snacks,1113,1.558494469,0,Suburban,11/11/2025,14.61404798,2,259
1/17/2022,Household,150,8.514788227,0,Urban,11/11/2025,7.242638004,9,66
1/18/2022,Personal Care,1152,12.51758556,0,Urban,11/11/2025,12.78712499,6,335
1/19/2022,Beverages,1585,12.35674774,1,Urban,11/11/2025,1.404713995,9,393
1/20/2022,Household,1419,16.0661658,1,Rural,11/11/2025,5.361546226,6,252
1/21/2022,Snacks,1420,13.44517744,0,Suburban,11/11/2025,1.471739797,6,148
1/22/2022,Personal Care,1849,19.85053301,0,Urban,11/11/2025,14.64247544,2,328
1/23/2022,Household,878,6.393236044,0,Suburban,11/11/2025,12.34612166,8,258
1/24/2022,Beverages,1530,7.823869564,1,Urban,11/11/2025,12.86193761,3,178
1/25/2022,Beverages,1892,8.293095885,1,Suburban,11/11/2025,14.10049586,7,384
1/26/2022,Dairy,913,9.850443333,1,Suburban,11/11/2025,1.734000549,5,337
1/27/2022,Dairy,1736,16.88396321,0,Urban,11/11/2025,6.091165091,3,301
1/28/2022,Snacks,1528,5.480049785,1,Rural,11/11/2025,1.530005891,1,314
1/29/2022,Household,1469,15.74400393,0,Suburban,11/11/2025,3.556499972,8,320
1/30/2022,Household,1745,8.700893479,0,Rural,11/11/2025,3.825803767,3,461
1/31/2022,Dairy,519,12.43525229,0,Rural,11/11/2025,7.30205456,2,457
2/1/2022,Household,1305,13.01827013,1,Urban,11/11/2025,4.394151428,1,237
2/2/2022,Household,1082,8.084124107,0,Urban,11/11/2025,1.964182549,4,468
2/3/2022,Beverages,924,10.7396889,1,Urban,11/11/2025,2.928620792,8,263
2/4/2022,Dairy,1124,8.847592318,1,Suburban,11/11/2025,2.635495672,3,332
2/5/2022,Personal Care,1954,2.313522938,0,Urban,11/11/2025,14.60961357,1,260
2/6/2022,Dairy,666,9.306142388,0,Urban,11/11/2025,11.50974135,4,414
2/7/2022,Personal Care,470,2.850474459,1,Suburban,11/11/2025,14.53254125,9,125
2/8/2022,Beverages,1035,8.695395183,0,Suburban,11/11/2025,6.876237054,1,197
2/9/2022,Snacks,760,12.2654496,1,Urban,11/11/2025,4.536342984,2,370
2/10/2022,Household,1554,12.00888309,0,Urban,11/11/2025,12.07525136,9,262
2/11/2022,Beverages,1068,13.5898043,1,Urban,11/11/2025,5.230681812,2,482
2/12/2022,Household,1432,2.809968651,1,Urban,11/11/2025,4.841058919,3,158
2/13/2022,Snacks,1260,13.39034167,1,Rural,11/11/2025,3.871336887,7,178
2/14/2022,Snacks,301,6.930813077,1,Rural,11/11/2025,2.380345184,3,59
2/15/2022,Beverages,1559,8.581872977,0,Urban,11/11/2025,4.218714385,9,96
2/16/2022,Snacks,412,17.30173882,0,Rural,11/11/2025,5.652136353,6,428
2/17/2022,Personal Care,216,1.171577678,1,Suburban,11/11/2025,10.27291602,3,364
2/18/2022,Snacks,1789,12.17984003,1,Rural,11/11/2025,1.407190212,9,145
2/19/2022,Household,1036,12.37556562,0,Rural,11/11/2025,3.552350625,1,495
2/20/2022,Household,1926,8.536535751,0,Urban,11/11/2025,12.23084278,3,152
2/21/2022,Household,674,5.503529285,0,Rural,11/11/2025,2.630367892,1,429
2/22/2022,Household,343,5.458806727,0,Rural,11/11/2025,5.468354625,2,391
2/23/2022,Personal Care,636,17.79048372,0,Rural,11/11/2025,13.03755437,8,195
2/24/2022,Dairy,1725,9.398463102,0,Rural,11/11/2025,2.746417012,7,417
2/25/2022,Beverages,174,7.286897897,1,Suburban,11/11/2025,1.699684116,2,479
2/26/2022,Household,1929,9.526773903,0,Urban,11/11/2025,7.525800929,2,465
2/27/2022,Snacks,485,13.71841763,0,Urban,11/11/2025,4.885082914,9,76
2/28/2022,Household,1333,3.769374797,1,Suburban,11/11/2025,8.669421285,6,269
3/1/2022,Snacks,574,9.539242869,0,Rural,11/11/2025,12.15517091,5,67
3/2/2022,Snacks,517,12.16980305,0,Suburban,11/11/2025,2.488653078,6,216
3/3/2022,Household,446,19.02308374,0,Rural,11/11/2025,8.920136726,9,482
3/4/2022,Personal Care,1652,5.798027859,0,Suburban,11/11/2025,7.829877026,7,131
3/5/2022,Snacks,739,7.82576421,0,Urban,11/11/2025,2.589142397,9,477
3/6/2022,Snacks,1038,8.207813209,1,Urban,11/11/2025,9.54797804,4,121
3/7/2022,Household,1054,12.505225,0,Urban,11/11/2025,4.467786059,2,359
3/8/2022,Snacks,975,7.777909008,1,Rural,11/11/2025,7.573597619,8,303
3/9/2022,Snacks,862,11.13672658,1,Rural,11/11/2025,1.692948702,4,211
3/10/2022,Household,1302,15.85401627,0,Suburban,11/11/2025,7.16396883,9,376
3/11/2022,Household,1305,14.40232629,1,Suburban,11/11/2025,4.943720287,4,469
3/12/2022,Beverages,763,9.481004284,0,Urban,11/11/2025,12.42452756,8,451
3/13/2022,Personal Care,124,17.42010738,1,Rural,11/11/2025,1.326191541,9,87
3/14/2022,Personal Care,1303,11.60466474,1,Suburban,11/11/2025,6.569805486,9,492
3/15/2022,Snacks,809,11.25821095,0,Rural,11/11/2025,7.14725565,4,442
3/16/2022,Personal Care,1624,1.649567553,0,Rural,11/11/2025,11.01258811,1,250
3/17/2022,Snacks,1979,19.74716663,0,Urban,11/11/2025,8.827169839,3,249
3/18/2022,Beverages,1284,3.336445362,0,Urban,11/11/2025,10.17457889,9,304
3/19/2022,Household,276,5.391487336,0,Rural,11/11/2025,11.76721464,4,228
3/20/2022,Household,384,1.982239908,1,Rural,11/11/2025,13.00194312,5,84
3/21/2022,Household,162,13.16005637,1,Rural,11/11/2025,5.051194702,7,131
3/22/2022,Personal Care,1102,5.269322362,1,Rural,11/11/2025,8.301329228,5,438
3/23/2022,Beverages,761,4.420198312,1,Urban,11/11/2025,12.68156714,4,447
3/24/2022,Personal Care,765,2.6825561,1,Suburban,11/11/2025,14.8470414,2,269
3/25/2022,Personal Care,255,2.962870185,1,Urban,11/11/2025,13.39803001,2,207
3/26/2022,Beverages,1592,12.10874331,1,Suburban,11/11/2025,5.886275308,4,53
3/27/2022,Beverages,1172,14.07594945,0,Rural,11/11/2025,3.3299145,9,216
3/28/2022,Beverages,1066,8.550200781,0,Suburban,11/11/2025,7.596191792,8,497
3/29/2022,Beverages,948,10.11804455,1,Urban,11/11/2025,11.25380105,3,458
3/30/2022,Household,1207,14.03338698,1,Urban,11/11/2025,7.642251526,9,461
3/31/2022,Dairy,1484,1.330216014,0,Rural,11/11/2025,7.506122518,5,253
4/1/2022,Dairy,788,7.139482484,0,Urban,11/11/2025,12.65434111,3,243
4/2/2022,Beverages,247,19.48885721,0,Rural,11/11/2025,5.740354796,5,284
4/3/2022,Dairy,1753,12.02213236,0,Urban,11/11/2025,12.96702278,4,255
4/4/2022,Dairy,441,5.830267018,1,Urban,11/11/2025,6.398669614,8,199
4/5/2022,Beverages,575,10.91287089,0,Rural,11/11/2025,5.259380032,5,208
4/6/2022,Dairy,1186,7.510416274,1,Suburban,11/11/2025,7.082853712,8,328
4/7/2022,Personal Care,1824,11.11265479,1,Urban,11/11/2025,11.5554809,9,353
4/8/2022,Snacks,1483,3.389088724,1,Suburban,11/11/2025,2.327029404,4,453
4/9/2022,Snacks,660,3.521578423,0,Urban,11/11/2025,3.34807863,7,430
4/10/2022,Beverages,426,3.727304879,0,Urban,11/11/2025,14.29594997,2,215
4/11/2022,Household,1892,18.85657605,1,Urban,11/11/2025,3.044628597,6,360
4/12/2022,Beverages,1859,14.92507945,1,Urban,11/11/2025,8.73204611,8,117
4/13/2022,Household,1264,4.085255999,1,Suburban,11/11/2025,8.900059767,7,137
4/14/2022,Snacks,1089,4.578632592,0,Suburban,11/11/2025,7.5995547,7,266
4/15/2022,Beverages,314,14.88576002,1,Urban,11/11/2025,9.848806104,8,50
4/16/2022,Personal Care,534,3.967113051,0,Urban,11/11/2025,3.832487524,7,184
4/17/2022,Dairy,1051,5.456664573,1,Suburban,11/11/2025,8.513602883,5,234
4/18/2022,Household,822,19.30358982,1,Rural,11/11/2025,5.896512201,7,400
4/19/2022,Dairy,1441,5.85082397,1,Rural,11/11/2025,10.09417526,3,189
4/20/2022,Dairy,131,13.57101466,0,Suburban,11/11/2025,2.547741379,5,155
4/21/2022,Beverages,769,19.59399446,0,Urban,11/11/2025,8.777722544,7,182
4/22/2022,Dairy,384,8.111638576,1,Urban,11/11/2025,3.186420153,9,157
4/23/2022,Personal Care,1428,1.332803826,0,Rural,11/11/2025,4.540324415,2,227
4/24/2022,Dairy,528,5.638798518,1,Rural,11/11/2025,3.671292105,4,347
4/25/2022,Beverages,1600,16.78666664,0,Suburban,11/11/2025,3.151147808,7,407
4/26/2022,Personal Care,385,17.42756788,0,Rural,11/11/2025,12.4728088,1,429
4/27/2022,Snacks,1267,15.60186793,0,Suburban,11/11/2025,4.642759731,2,445
4/28/2022,Dairy,1547,3.149086562,1,Rural,11/11/2025,13.94329484,9,408
4/29/2022,Beverages,1142,16.11469706,0,Rural,11/11/2025,14.56393462,7,195
4/30/2022,Snacks,117,18.45487814,0,Rural,11/11/2025,8.783276814,7,499
5/1/2022,Snacks,868,12.41158131,1,Urban,11/11/2025,2.573516279,6,123
5/2/2022,Household,689,18.87663177,1,Urban,11/11/2025,5.930949529,3,157
5/3/2022,Personal Care,1494,16.70993879,1,Urban,11/11/2025,12.06711782,3,171
5/4/2022,Dairy,1298,13.67245882,1,Rural,11/11/2025,5.827165566,2,66
5/5/2022,Beverages,1109,11.9665195,0,Suburban,11/11/2025,1.761749665,6,245
5/6/2022,Household,293,7.622899678,0,Suburban,11/11/2025,8.573381208,4,376
5/7/2022,Personal Care,601,4.02646146,0,Suburban,11/11/2025,12.75425235,5,367
5/8/2022,Household,1087,12.49412453,0,Suburban,11/11/2025,12.04093261,3,346
5/9/2022,Personal Care,1236,7.044119519,0,Urban,11/11/2025,3.039285532,6,301
5/10/2022,Personal Care,213,17.46233468,1,Urban,11/11/2025,10.25508691,3,168
5/11/2022,Dairy,1345,19.87340181,0,Rural,11/11/2025,3.69731182,8,211
5/12/2022,Personal Care,1801,15.29612749,0,Rural,11/11/2025,3.664009251,9,247
5/13/2022,Household,1046,2.71915221,0,Suburban,11/11/2025,13.17404071,4,94
5/14/2022,Personal Care,930,6.485026315,1,Urban,11/11/2025,4.120199815,9,363
5/15/2022,Dairy,1767,3.073083004,1,Suburban,11/11/2025,4.317086525,7,228
5/16/2022,Dairy,1387,13.35972131,0,Rural,11/11/2025,0.509474166,3,431
5/17/2022,Household,1024,15.53862643,1,Rural,11/11/2025,13.12470099,7,467
5/18/2022,Snacks,154,18.58782179,1,Suburban,11/11/2025,11.99262479,1,93
5/19/2022,Snacks,1994,9.325274582,1,Rural,11/11/2025,9.596269559,3,320
5/20/2022,Personal Care,1766,18.12613734,1,Suburban,11/11/2025,11.37885358,6,127
5/21/2022,Beverages,899,17.67993202,1,Urban,11/11/2025,2.704704228,4,375
5/22/2022,Personal Care,877,7.026718619,1,Suburban,11/11/2025,7.145692122,7,227
5/23/2022,Household,1581,17.50911189,1,Urban,11/11/2025,5.592681117,3,406
5/24/2022,Household,261,8.137772786,0,Urban,11/11/2025,1.859759631,1,465
5/25/2022,Household,1503,6.640516217,0,Rural,11/11/2025,7.548892036,9,52
5/26/2022,Household,186,13.33241852,1,Rural,11/11/2025,13.85072493,6,263
5/27/2022,Household,154,7.23924333,0,Rural,11/11/2025,1.080857226,8,391
5/28/2022,Dairy,1599,12.97396622,0,Suburban,11/11/2025,4.726183246,3,123
5/29/2022,Snacks,1923,12.5868043,1,Suburban,11/11/2025,3.509343575,8,100
5/30/2022,Household,1301,11.70533962,0,Rural,11/11/2025,3.953126478,2,116
5/31/2022,Beverages,1514,8.22797438,1,Suburban,11/11/2025,13.672301,4,381
6/1/2022,Beverages,1472,11.42149471,1,Rural,11/11/2025,7.287001286,3,142
6/2/2022,Beverages,1131,12.33322402,1,Suburban,11/11/2025,7.261341488,1,225
6/3/2022,Beverages,932,11.36805088,0,Urban,11/11/2025,11.52834682,7,194
6/4/2022,Dairy,412,9.443969602,0,Urban,11/11/2025,2.740136958,2,56
6/5/2022,Beverages,858,1.278674084,0,Rural,11/11/2025,7.565347634,4,318
6/6/2022,Household,1958,12.15417245,0,Suburban,11/11/2025,6.734785605,9,425
6/7/2022,Personal Care,542,4.200443318,1,Suburban,11/11/2025,9.155205013,6,371
6/8/2022,Beverages,1890,13.20894341,1,Urban,11/11/2025,14.9935867,8,53
6/9/2022,Dairy,427,15.42754223,0,Urban,11/11/2025,11.65700896,2,187
6/10/2022,Dairy,1177,10.50846087,1,Rural,11/11/2025,6.269052694,7,280
6/11/2022,Beverages,860,11.30490963,1,Urban,11/11/2025,12.49951926,6,137
6/12/2022,Personal Care,1362,19.07809263,0,Rural,11/11/2025,2.975271268,9,66
6/13/2022,Beverages,1352,17.09617987,1,Urban,11/11/2025,0.941723451,7,101
6/14/2022,Dairy,678,18.3704938,0,Urban,11/11/2025,3.464501401,1,183
6/15/2022,Snacks,1174,16.46155948,1,Suburban,11/11/2025,5.435967564,8,260
6/16/2022,Household,1732,3.069448495,0,Urban,11/11/2025,7.903420983,3,374
6/17/2022,Dairy,1727,3.830845263,1,Urban,11/11/2025,9.419372538,2,442
6/18/2022,Beverages,1106,11.00585215,1,Rural,11/11/2025,13.7037829,3,268
6/19/2022,Household,1387,5.675323517,0,Urban,11/11/2025,7.892883138,6,254
6/20/2022,Beverages,1541,10.05721403,0,Rural,11/11/2025,7.768496847,3,260
6/21/2022,Beverages,1926,8.492941153,0,Urban,11/11/2025,1.228523642,5,326
6/22/2022,Snacks,195,11.43887053,0,Urban,11/11/2025,1.006217514,6,73
6/23/2022,Household,1211,15.19063861,1,Rural,11/11/2025,8.491819448,8,53
6/24/2022,Household,1201,14.59432723,1,Suburban,11/11/2025,6.853589892,7,201
6/25/2022,Snacks,1411,10.90344852,0,Rural,11/11/2025,12.66811573,8,492
6/26/2022,Dairy,1243,16.62547496,1,Rural,11/11/2025,2.829853978,3,308
6/27/2022,Beverages,913,9.186379739,0,Rural,11/11/2025,0.862089101,4,373
6/28/2022,Personal Care,590,18.03757151,0,Suburban,11/11/2025,7.011062135,6,406
6/29/2022,Beverages,551,2.354325131,1,Urban,11/11/2025,3.943439073,7,217
6/30/2022,Beverages,1623,19.13854057,1,Rural,11/11/2025,1.219408413,9,225
7/1/2022,Dairy,264,13.43916855,0,Rural,11/11/2025,11.00667516,1,359
7/2/2022,Beverages,281,8.22141567,0,Suburban,11/11/2025,2.118098499,8,340
7/3/2022,Snacks,568,4.745928405,0,Rural,11/11/2025,9.32063275,8,105
7/4/2022,Snacks,1009,10.10448136,1,Urban,11/11/2025,4.575221377,6,157
7/5/2022,Household,834,4.696608141,1,Suburban,11/11/2025,3.01569273,4,345
7/6/2022,Personal Care,922,4.160300547,1,Urban,11/11/2025,6.006397082,3,373
7/7/2022,Beverages,1043,12.72968339,1,Urban,11/11/2025,12.12096376,3,351
7/8/2022,Beverages,106,10.93860977,0,Suburban,11/11/2025,6.185356865,6,383
7/9/2022,Dairy,429,13.73182466,0,Rural,11/11/2025,11.38615991,8,190
7/10/2022,Snacks,874,18.66251167,0,Urban,11/11/2025,2.319551304,7,204
7/11/2022,Personal Care,1796,11.11294405,0,Urban,11/11/2025,11.70518559,1,311
7/12/2022,Household,250,12.03770901,0,Urban,11/11/2025,3.935533211,6,322
7/13/2022,Snacks,1208,2.702900444,0,Urban,11/11/2025,10.32220038,7,469
7/14/2022,Household,246,14.63507993,1,Suburban,11/11/2025,8.703832545,7,281
7/15/2022,Dairy,1747,8.598198929,1,Suburban,11/11/2025,13.9725984,9,290
7/16/2022,Dairy,1504,19.55777953,0,Urban,11/11/2025,6.116176511,5,404
7/17/2022,Beverages,1014,16.6403063,0,Rural,11/11/2025,1.459395238,1,386
7/18/2022,Personal Care,1671,10.92713977,1,Urban,11/11/2025,0.77775454,2,307
7/19/2022,Household,1408,3.341230429,1,Rural,11/11/2025,12.48944913,4,298
7/20/2022,Snacks,799,17.32890007,1,Urban,11/11/2025,8.108666746,5,126
7/21/2022,Dairy,181,16.19584081,1,Rural,11/11/2025,11.74103875,9,229
7/22/2022,Beverages,613,4.507117461,0,Urban,11/11/2025,3.8991712,1,115
7/23/2022,Beverages,914,6.610287495,0,Rural,11/11/2025,5.50371431,3,357
7/24/2022,Household,808,16.0747379,0,Urban,11/11/2025,0.936506147,5,397
7/25/2022,Dairy,1646,4.519340484,0,Urban,11/11/2025,14.44163871,3,220
7/26/2022,Personal Care,845,18.43729729,0,Rural,11/11/2025,10.18408465,4,71
7/27/2022,Dairy,1122,9.066021079,1,Suburban,11/11/2025,14.03147377,3,416
7/28/2022,Household,1509,2.653740289,0,Rural,11/11/2025,4.349697908,4,156
7/29/2022,Household,806,16.49922423,1,Suburban,11/11/2025,9.366222363,1,488
7/30/2022,Dairy,570,8.096683978,0,Urban,11/11/2025,10.33824954,8,372
7/31/2022,Household,1242,11.00348469,0,Rural,11/11/2025,5.104470654,4,276
8/1/2022,Dairy,495,3.133782544,0,Rural,11/11/2025,12.79758391,7,493
8/2/2022,Snacks,1655,1.049096282,0,Rural,11/11/2025,14.23384121,2,491
8/3/2022,Dairy,360,13.12171891,0,Suburban,11/11/2025,13.33039921,2,445
8/4/2022,Dairy,904,10.78832824,1,Suburban,11/11/2025,11.21647115,6,265
8/5/2022,Household,1033,12.27723281,1,Urban,11/11/2025,4.523237856,2,118
8/6/2022,Household,1379,16.08113316,1,Suburban,11/11/2025,4.583432611,6,133
8/7/2022,Beverages,1857,13.28551236,0,Suburban,11/11/2025,14.46872465,2,152
8/8/2022,Beverages,1004,4.320695414,0,Urban,11/11/2025,0.649125191,4,88
8/9/2022,Snacks,1349,7.854677863,1,Rural,11/11/2025,10.88272461,7,62
8/10/2022,Beverages,1176,18.21193099,0,Rural,11/11/2025,10.74056936,8,346
8/11/2022,Dairy,1039,15.6289493,0,Urban,11/11/2025,9.528998344,3,362
8/12/2022,Household,1990,11.5761041,1,Rural,11/11/2025,14.85657827,9,230
8/13/2022,Beverages,1623,5.857254958,0,Suburban,11/11/2025,5.022251819,2,317
8/14/2022,Beverages,1629,6.739149535,1,Urban,11/11/2025,5.429592025,8,62
8/15/2022,Snacks,953,14.90720328,0,Urban,11/11/2025,1.644621343,8,169
8/16/2022,Snacks,1487,17.17231096,1,Urban,11/11/2025,6.92057298,4,402
8/17/2022,Dairy,1403,13.75706872,0,Rural,11/11/2025,4.28520363,1,106
8/18/2022,Household,692,16.38106954,0,Urban,11/11/2025,5.479107182,1,89
8/19/2022,Snacks,813,15.56646657,1,Urban,11/11/2025,12.60129096,2,423
8/20/2022,Beverages,1281,3.844375391,0,Urban,11/11/2025,14.06452545,9,385
8/21/2022,Household,731,9.054951445,0,Rural,11/11/2025,3.193129544,2,177
8/22/2022,Household,158,3.906692216,1,Suburban,11/11/2025,5.901379508,2,222
8/23/2022,Beverages,1850,5.469476111,0,Urban,11/11/2025,13.96514315,6,84
8/24/2022,Snacks,227,17.51593287,1,Suburban,11/11/2025,1.39622268,7,308
8/25/2022,Beverages,835,9.984947347,0,Rural,11/11/2025,1.839227658,7,425
8/26/2022,Household,820,11.17180394,0,Rural,11/11/2025,2.860469343,9,54
8/27/2022,Personal Care,1238,4.390473339,0,Rural,11/11/2025,9.130586095,6,267
8/28/2022,Personal Care,1332,6.933163935,0,Rural,11/11/2025,2.68184793,8,60
8/29/2022,Dairy,625,5.3746772,1,Suburban,11/11/2025,14.53710753,6,431
8/30/2022,Beverages,620,4.917537126,0,Urban,11/11/2025,6.977360645,2,376
8/31/2022,Beverages,651,13.12125507,1,Rural,11/11/2025,7.772010425,1,166
9/1/2022,Dairy,336,5.880793105,0,Rural,11/11/2025,4.076549929,5,233
9/2/2022,Dairy,1404,13.00829423,0,Suburban,11/11/2025,7.32892366,9,443
9/3/2022,Dairy,1482,2.110637668,0,Suburban,11/11/2025,10.09774767,8,411
9/4/2022,Household,1324,3.693713477,0,Rural,11/11/2025,11.39206849,4,165
9/5/2022,Beverages,1881,6.216264826,1,Urban,11/11/2025,11.4310872,5,211
9/6/2022,Household,1401,12.34389142,1,Urban,11/11/2025,8.879421134,5,116
9/7/2022,Dairy,1358,13.84098366,1,Rural,11/11/2025,13.61321674,6,249
9/8/2022,Beverages,593,9.411622369,1,Suburban,11/11/2025,12.35241379,3,80
9/9/2022,Household,103,9.470027377,0,Rural,11/11/2025,11.47719766,5,124
9/10/2022,Household,765,14.76582018,1,Rural,11/11/2025,1.306280064,2,286
9/11/2022,Dairy,541,1.300600744,1,Suburban,11/11/2025,0.599730452,1,376
9/12/2022,Beverages,128,7.480710465,0,Rural,11/11/2025,3.580485519,1,115
9/13/2022,Dairy,1232,16.55543409,0,Rural,11/11/2025,10.12109211,7,119
9/14/2022,Beverages,709,12.46116879,0,Rural,11/11/2025,6.462363589,2,346
9/15/2022,Personal Care,1850,7.407315522,0,Suburban,11/11/2025,6.33489076,4,496
9/16/2022,Snacks,904,18.20497105,1,Urban,11/11/2025,13.32650988,5,465
9/17/2022,Snacks,174,15.67983182,1,Urban,11/11/2025,13.4856613,7,69
9/18/2022,Snacks,937,6.033013497,0,Suburban,11/11/2025,13.68304133,2,490
9/19/2022,Dairy,1269,13.26050691,0,Urban,11/11/2025,5.051232109,6,275
9/20/2022,Personal Care,227,12.31926384,0,Rural,11/11/2025,10.52030928,1,483
9/21/2022,Beverages,1976,8.622570367,1,Urban,11/11/2025,4.438681128,7,458
9/22/2022,Household,141,7.972165505,1,Rural,11/11/2025,3.26384258,9,445
9/23/2022,Beverages,1479,7.527649021,0,Urban,11/11/2025,3.177170632,5,248
9/24/2022,Household,140,12.72595988,0,Suburban,11/11/2025,5.460560503,5,88
9/25/2022,Beverages,1033,9.405788793,1,Urban,11/11/2025,6.734385487,4,194
9/26/2022,Personal Care,133,16.80539915,0,Urban,11/11/2025,12.54876298,3,94
9/27/2022,Household,1140,13.72244971,0,Urban,11/11/2025,2.238420855,9,444
9/28/2022,Dairy,1800,2.328700508,1,Suburban,11/11/2025,11.15642479,5,375
9/29/2022,Beverages,1276,13.16319625,0,Urban,11/11/2025,8.206096256,8,430
9/30/2022,Beverages,1097,6.151801294,1,Suburban,11/11/2025,4.675207469,9,456
10/1/2022,Household,1501,12.26342784,0,Rural,11/11/2025,7.645883976,5,140
10/2/2022,Dairy,687,13.92250669,0,Urban,11/11/2025,4.849160012,9,287
10/3/2022,Dairy,1722,5.385754594,1,Suburban,11/11/2025,9.143188351,2,119
10/4/2022,Personal Care,1752,9.680314253,1,Suburban,11/11/2025,6.790736881,9,215
10/5/2022,Dairy,1997,4.616172394,0,Urban,11/11/2025,2.883880172,4,179
10/6/2022,Dairy,441,1.99443864,1,Rural,11/11/2025,2.190454581,6,263
10/7/2022,Dairy,126,8.191052046,0,Suburban,11/11/2025,8.42708739,6,389
10/8/2022,Snacks,1948,7.895941165,0,Urban,11/11/2025,13.58498898,6,138
10/9/2022,Personal Care,1410,19.91412932,1,Rural,11/11/2025,5.487386455,2,384
10/10/2022,Beverages,745,9.480694673,0,Suburban,11/11/2025,11.12850155,7,301
10/11/2022,Household,830,7.33782144,0,Suburban,11/11/2025,10.05058965,6,418
10/12/2022,Beverages,267,12.02902513,1,Rural,11/11/2025,14.00754626,1,398
10/13/2022,Personal Care,709,2.686580488,1,Rural,11/11/2025,12.40422475,2,121
10/14/2022,Household,367,19.27164898,0,Urban,11/11/2025,8.715776254,7,214
10/15/2022,Personal Care,1872,13.06424087,1,Urban,11/11/2025,10.02694222,1,98
10/16/2022,Dairy,920,15.34191858,1,Suburban,11/11/2025,13.52660377,1,101
10/17/2022,Household,554,4.239080825,1,Rural,11/11/2025,6.293022377,1,338
10/18/2022,Dairy,1005,8.780079207,1,Rural,11/11/2025,5.238523235,8,327
10/19/2022,Beverages,1808,9.031093155,0,Rural,11/11/2025,0.656760713,4,163
10/20/2022,Beverages,1524,16.61432243,0,Suburban,11/11/2025,12.48499058,4,288
10/21/2022,Household,1021,1.023496915,0,Rural,11/11/2025,12.11422016,2,182
10/22/2022,Household,1080,6.716209059,1,Rural,11/11/2025,2.014590512,1,323
10/23/2022,Personal Care,1599,19.64349111,1,Suburban,11/11/2025,8.864432026,9,215
10/24/2022,Personal Care,801,10.02284433,1,Urban,11/11/2025,7.227734623,7,423
10/25/2022,Dairy,733,8.267999325,1,Urban,11/11/2025,2.221281885,4,422
10/26/2022,Household,1681,3.276751038,1,Suburban,11/11/2025,14.71823929,6,342
10/27/2022,Beverages,1699,19.50912794,1,Rural,11/11/2025,3.613090368,2,292
10/28/2022,Personal Care,229,1.380500763,1,Suburban,11/11/2025,1.474895611,7,369
10/29/2022,Personal Care,1119,15.00642428,0,Urban,11/11/2025,9.125287003,2,187
10/30/2022,Beverages,1945,15.60339629,0,Urban,11/11/2025,11.21356682,8,128
10/31/2022,Personal Care,1486,5.629477605,1,Suburban,11/11/2025,0.970429968,8,219
11/1/2022,Dairy,1828,13.75961043,1,Suburban,11/11/2025,10.05140576,1,172
11/2/2022,Household,918,2.765653743,1,Urban,11/11/2025,8.218232201,8,225
11/3/2022,Beverages,792,5.883898062,0,Suburban,11/11/2025,1.997342629,2,349
11/4/2022,Household,1415,15.97013778,0,Urban,11/11/2025,3.001596216,6,131
11/5/2022,Personal Care,1494,17.42903765,1,Suburban,11/11/2025,8.735627311,1,136
11/6/2022,Personal Care,893,12.56124184,1,Suburban,11/11/2025,4.797185396,5,274
11/7/2022,Beverages,128,10.6299302,0,Suburban,11/11/2025,14.10557807,7,65
11/8/2022,Dairy,248,4.026776392,0,Urban,11/11/2025,12.37173333,1,359
11/9/2022,Snacks,1902,2.199071629,0,Suburban,11/11/2025,14.76172449,2,407
11/10/2022,Beverages,1419,3.235331541,0,Urban,11/11/2025,4.265227165,7,212
11/11/2022,Snacks,110,5.319788702,1,Urban,11/11/2025,14.56099268,6,147
11/12/2022,Snacks,1635,7.491815536,0,Suburban,11/11/2025,6.752891112,3,205
11/13/2022,Dairy,775,8.237280985,0,Suburban,11/11/2025,5.539022532,2,51
11/14/2022,Snacks,1236,7.580113603,1,Urban,11/11/2025,1.230068141,4,399
11/15/2022,Snacks,286,5.542051312,0,Urban,11/11/2025,1.265096239,3,446
11/16/2022,Dairy,906,10.68476069,0,Rural,11/11/2025,10.53416321,7,218
11/17/2022,Snacks,843,16.68043606,0,Urban,11/11/2025,7.139970419,8,364
11/18/2022,Snacks,1350,6.314367231,1,Rural,11/11/2025,3.784563578,2,374
11/19/2022,Snacks,1433,18.90535336,0,Rural,11/11/2025,9.402569442,7,424
11/20/2022,Beverages,197,17.59339657,1,Rural,11/11/2025,4.166442715,8,141
11/21/2022,Beverages,154,4.073520016,1,Suburban,11/11/2025,8.875660438,6,230
11/22/2022,Beverages,722,15.93924318,0,Suburban,11/11/2025,5.708526831,6,280
11/23/2022,Dairy,763,11.91716026,0,Urban,11/11/2025,12.44150729,1,350
11/24/2022,Personal Care,857,11.76493188,0,Rural,11/11/2025,12.40009433,4,197
11/25/2022,Snacks,505,8.429812498,0,Suburban,11/11/2025,7.421580773,1,329
11/26/2022,Snacks,168,10.52190698,1,Suburban,11/11/2025,5.586877085,4,238
11/27/2022,Dairy,1435,8.546396771,0,Suburban,11/11/2025,5.75711705,2,396
11/28/2022,Snacks,1412,11.25491976,0,Suburban,11/11/2025,12.18286062,5,399
11/29/2022,Beverages,1885,12.931051,0,Suburban,11/11/2025,5.258602501,9,363
11/30/2022,Personal Care,1671,13.81177232,1,Rural,11/11/2025,3.531360919,3,460
12/1/2022,Household,850,11.11714266,0,Rural,11/11/2025,1.727980957,8,459
12/2/2022,Snacks,1271,14.70701928,0,Rural,11/11/2025,7.267050253,3,177
12/3/2022,Beverages,1590,3.684282936,1,Rural,11/11/2025,7.490915434,6,56
12/4/2022,Household,1862,5.027667327,1,Urban,11/11/2025,12.6931763,4,475
12/5/2022,Personal Care,1367,16.55596508,0,Rural,11/11/2025,3.707961098,8,96
12/6/2022,Household,1614,7.128031579,0,Suburban,11/11/2025,6.024373468,6,102
12/7/2022,Beverages,1972,1.434982675,0,Rural,11/11/2025,12.22188321,8,236
12/8/2022,Household,1057,3.922031844,0,Urban,11/11/2025,12.44254236,1,87
12/9/2022,Dairy,1630,5.248674255,0,Suburban,11/11/2025,6.076860602,6,275
12/10/2022,Household,464,19.18913487,1,Rural,11/11/2025,7.157298338,1,102
12/11/2022,Snacks,581,11.88778715,1,Rural,11/11/2025,4.897645417,1,448
12/12/2022,Snacks,300,18.72188407,0,Rural,11/11/2025,14.02204574,8,273
12/13/2022,Dairy,253,11.92810366,0,Suburban,11/11/2025,2.220334603,7,203
12/14/2022,Beverages,1573,10.10773436,1,Suburban,11/11/2025,14.03936663,3,97
12/15/2022,Snacks,1624,6.960826133,0,Urban,11/11/2025,10.41606355,6,400
12/16/2022,Personal Care,172,12.52104794,0,Suburban,11/11/2025,8.207796214,9,196
12/17/2022,Snacks,812,3.644762468,0,Suburban,11/11/2025,0.973556381,7,442
12/18/2022,Snacks,395,18.06697092,0,Rural,11/11/2025,7.396144781,3,113
12/19/2022,Beverages,1140,16.7573157,0,Suburban,11/11/2025,6.412347523,6,398
12/20/2022,Household,1764,7.03309751,1,Rural,11/11/2025,2.837672774,4,231
12/21/2022,Snacks,1340,19.10315302,0,Rural,11/11/2025,10.01793925,3,174
12/22/2022,Dairy,160,16.67881458,0,Suburban,11/11/2025,14.58168816,9,228
12/23/2022,Household,1038,13.65983083,0,Urban,11/11/2025,8.65173776,2,88
12/24/2022,Personal Care,1739,3.313476311,1,Urban,11/11/2025,10.86392251,1,309
12/25/2022,Beverages,141,10.08644644,1,Suburban,11/11/2025,1.492531562,2,431
12/26/2022,Personal Care,124,10.61604354,1,Urban,11/11/2025,6.556171439,7,52
12/27/2022,Household,1162,5.418475809,1,Rural,11/11/2025,2.187198035,1,113
12/28/2022,Household,1926,2.519342493,0,Rural,11/11/2025,9.385539615,6,78
12/29/2022,Household,230,15.75774898,1,Suburban,11/11/2025,14.10799129,7,421
12/30/2022,Personal Care,1621,3.31866599,0,Urban,11/11/2025,10.09577712,9,60
12/31/2022,Household,1352,12.29152426,0,Urban,11/11/2025,1.613644201,8,146
1/1/2023,Personal Care,207,18.7925343,1,Rural,11/11/2025,5.642659972,6,407
1/2/2023,Household,271,17.64599866,1,Suburban,11/11/2025,8.484619002,3,491
1/3/2023,Dairy,1558,6.277299851,1,Urban,11/11/2025,6.346512464,8,252
1/4/2023,Household,1601,17.17752411,1,Suburban,11/11/2025,12.58783815,7,460
1/5/2023,Personal Care,201,1.006317616,1,Urban,11/11/2025,12.31272957,3,70
1/6/2023,Snacks,965,1.336068383,0,Rural,11/11/2025,9.371549791,9,88
1/7/2023,Household,623,12.44851011,1,Rural,11/11/2025,5.915140204,2,272
1/8/2023,Snacks,374,7.931166164,1,Suburban,11/11/2025,4.20237742,3,151
1/9/2023,Dairy,1736,8.342755982,1,Rural,11/11/2025,2.035177614,2,95
1/10/2023,Beverages,1167,11.72438072,0,Urban,11/11/2025,5.646016411,1,115
1/11/2023,Dairy,916,4.643866656,1,Rural,11/11/2025,6.4910015,4,140
1/12/2023,Household,1056,5.023351663,0,Suburban,11/11/2025,10.29943241,5,213
1/13/2023,Snacks,1140,10.20743015,1,Suburban,11/11/2025,10.04331745,6,160
1/14/2023,Snacks,429,15.33081734,1,Suburban,11/11/2025,1.516568025,5,387
1/15/2023,Personal Care,1692,12.77045728,0,Urban,11/11/2025,6.231260074,1,172
1/16/2023,Snacks,1946,6.649745916,1,Urban,11/11/2025,3.135793575,3,242
1/17/2023,Personal Care,1620,9.176406373,0,Urban,11/11/2025,2.773784227,1,496
1/18/2023,Beverages,1938,4.242630412,0,Urban,11/11/2025,12.49588117,5,148
1/19/2023,Household,111,2.417966472,0,Urban,11/11/2025,1.107770642,5,340
1/20/2023,Personal Care,1441,15.87122477,1,Rural,11/11/2025,6.578151701,6,208
1/21/2023,Beverages,1715,6.042360775,1,Urban,11/11/2025,2.938953009,8,461
1/22/2023,Snacks,315,4.377561369,1,Urban,11/11/2025,13.25028813,1,152
1/23/2023,Snacks,438,14.14074306,0,Rural,11/11/2025,8.577087442,4,434
1/24/2023,Beverages,1899,12.74298181,1,Urban,11/11/2025,3.855019227,1,330
1/25/2023,Snacks,760,13.03060289,0,Suburban,11/11/2025,7.785195664,9,92
1/26/2023,Beverages,1204,5.348997492,1,Urban,11/11/2025,11.10655222,7,133
1/27/2023,Personal Care,1850,5.420265233,0,Urban,11/11/2025,14.39271113,7,240
1/28/2023,Personal Care,1608,5.195249966,0,Suburban,11/11/2025,3.696467062,5,100
1/29/2023,Beverages,473,4.301299318,0,Suburban,11/11/2025,13.3496357,7,435
1/30/2023,Personal Care,1075,13.45874978,1,Suburban,11/11/2025,14.04740966,2,259
1/31/2023,Personal Care,809,17.11230182,0,Suburban,11/11/2025,13.7880979,4,175
2/1/2023,Personal Care,1323,14.76203192,0,Urban,11/11/2025,9.713508174,7,497
2/2/2023,Dairy,1660,16.04977904,0,Suburban,11/11/2025,9.632399489,3,118
2/3/2023,Household,565,8.691170153,0,Suburban,11/11/2025,6.346554181,2,314
2/4/2023,Snacks,1212,13.42744011,0,Rural,11/11/2025,11.40976929,2,307
2/5/2023,Dairy,1391,7.730488568,0,Suburban,11/11/2025,8.203763266,1,467
2/6/2023,Personal Care,1778,10.98458782,1,Suburban,11/11/2025,10.32285203,5,237
2/7/2023,Beverages,1694,10.15106208,1,Rural,11/11/2025,6.712639606,6,279
2/8/2023,Personal Care,588,4.360855758,0,Rural,11/11/2025,11.10669873,6,238
2/9/2023,Household,1661,8.354496446,1,Urban,11/11/2025,12.45483701,9,464
2/10/2023,Personal Care,146,19.31262323,1,Rural,11/11/2025,2.623325721,4,59
2/11/2023,Beverages,1411,5.723024897,0,Urban,11/11/2025,12.57748088,1,163
2/12/2023,Household,877,3.542270989,0,Rural,11/11/2025,8.334299711,6,125
2/13/2023,Personal Care,1139,8.953031811,0,Rural,11/11/2025,12.74765568,5,213
2/14/2023,Household,810,16.01641698,1,Urban,11/11/2025,6.753874742,6,134
2/15/2023,Snacks,500,12.06081637,0,Rural,11/11/2025,5.996087038,3,98
2/16/2023,Snacks,1917,13.93852172,1,Urban,11/11/2025,13.76838062,2,375
2/17/2023,Personal Care,1080,4.604202115,0,Rural,11/11/2025,4.141954379,6,226
2/18/2023,Household,1209,12.76001567,1,Suburban,11/11/2025,12.74107872,1,436
2/19/2023,Beverages,349,7.146507503,0,Rural,11/11/2025,7.518298301,7,438
2/20/2023,Personal Care,490,16.85176395,0,Urban,11/11/2025,7.954383917,7,267
2/21/2023,Snacks,1905,12.95667731,1,Rural,11/11/2025,4.972790082,7,238
2/22/2023,Snacks,434,4.778269278,1,Urban,11/11/2025,8.809111909,1,395
2/23/2023,Personal Care,728,2.227716917,1,Urban,11/11/2025,5.215562346,4,279
2/24/2023,Household,1642,1.810030976,1,Suburban,11/11/2025,1.069406507,7,304
2/25/2023,Snacks,236,8.056762785,1,Suburban,11/11/2025,4.443979777,9,285
2/26/2023,Household,982,6.051171596,1,Urban,11/11/2025,0.592496129,5,75
2/27/2023,Snacks,787,13.27571235,0,Rural,11/11/2025,14.68614441,2,121
2/28/2023,Snacks,1963,10.48734286,1,Urban,11/11/2025,14.50333454,7,310
3/1/2023,Dairy,1621,6.054366282,0,Urban,11/11/2025,6.229751813,1,303
3/2/2023,Snacks,926,3.835517781,0,Rural,11/11/2025,11.06137739,7,320
3/3/2023,Beverages,826,3.416795491,1,Rural,11/11/2025,5.514188427,6,172
3/4/2023,Personal Care,1600,17.42854745,0,Rural,11/11/2025,10.23085078,7,193
3/5/2023,Personal Care,693,5.6260814,1,Rural,11/11/2025,12.17873562,3,306
3/6/2023,Household,1346,13.38250231,1,Urban,11/11/2025,14.22796555,3,193
3/7/2023,Snacks,1089,16.40303263,0,Urban,11/11/2025,6.303078,7,470
3/8/2023,Beverages,471,12.66754491,0,Suburban,11/11/2025,11.85782075,2,308
3/9/2023,Household,1034,17.3317394,1,Urban,11/11/2025,4.355962534,1,485
3/10/2023,Dairy,1094,8.455480709,1,Rural,11/11/2025,14.85981841,9,96
3/11/2023,Household,501,19.16822162,0,Suburban,11/11/2025,0.873659182,9,400
3/12/2023,Household,1566,3.529755079,0,Rural,11/11/2025,9.251167694,7,62
3/13/2023,Snacks,1613,2.940841063,0,Urban,11/11/2025,10.06283673,7,425
3/14/2023,Dairy,714,13.51515078,0,Suburban,11/11/2025,10.47666058,3,257
3/15/2023,Household,1396,18.91379169,1,Rural,11/11/2025,2.245619892,2,360
3/16/2023,Beverages,1649,16.36878577,1,Suburban,11/11/2025,14.10868186,7,284
3/17/2023,Beverages,1282,2.451920329,1,Suburban,11/11/2025,3.127157546,9,198
3/18/2023,Personal Care,1275,6.307986565,1,Urban,11/11/2025,9.529924347,1,371
3/19/2023,Dairy,1094,18.67605881,0,Rural,11/11/2025,3.728803147,4,487
3/20/2023,Dairy,719,5.808110223,0,Suburban,11/11/2025,4.954638047,6,204
3/21/2023,Personal Care,287,15.84223805,1,Suburban,11/11/2025,8.423648855,7,215
3/22/2023,Household,1936,16.67751172,1,Rural,11/11/2025,6.549304569,7,139
3/23/2023,Dairy,1221,10.41358997,1,Suburban,11/11/2025,2.823271214,2,235
3/24/2023,Beverages,230,8.340629287,1,Suburban,11/11/2025,2.978577835,4,367
3/25/2023,Beverages,904,9.552364216,1,Suburban,11/11/2025,6.563099428,5,407
3/26/2023,Snacks,1294,5.312329193,1,Rural,11/11/2025,11.48060318,1,223
3/27/2023,Dairy,1035,17.89842741,1,Rural,11/11/2025,13.52048738,1,266
3/28/2023,Household,1085,9.561773478,1,Rural,11/11/2025,1.719851103,3,444
3/29/2023,Personal Care,282,17.76672937,1,Rural,11/11/2025,6.20000666,3,313
3/30/2023,Personal Care,1082,3.008176118,0,Urban,11/11/2025,1.953560674,8,146
3/31/2023,Household,463,19.77723015,1,Suburban,11/11/2025,0.740590969,9,166
4/1/2023,Snacks,138,9.422188661,0,Rural,11/11/2025,10.0949209,1,248
4/2/2023,Personal Care,1650,1.908785587,0,Suburban,11/11/2025,9.235516909,2,369
4/3/2023,Dairy,596,1.722415117,1,Suburban,11/11/2025,2.86377715,2,70
4/4/2023,Snacks,1639,15.17793789,1,Urban,11/11/2025,3.89028608,4,249
4/5/2023,Dairy,1472,13.52167515,0,Rural,11/11/2025,0.843762428,2,420
4/6/2023,Beverages,1081,16.2404806,0,Rural,11/11/2025,12.60673448,7,496
4/7/2023,Snacks,1020,3.001983145,1,Suburban,11/11/2025,14.63301364,9,390
4/8/2023,Personal Care,1520,1.675846474,0,Rural,11/11/2025,2.464163284,7,497
4/9/2023,Snacks,821,10.6630065,1,Suburban,11/11/2025,3.8563906,6,297
4/10/2023,Snacks,1284,8.364309398,1,Suburban,11/11/2025,13.0919381,1,325
4/11/2023,Snacks,115,9.776991797,1,Urban,11/11/2025,13.93372507,9,313
4/12/2023,Snacks,592,19.84017977,0,Urban,11/11/2025,6.584597051,5,107
4/13/2023,Dairy,1549,19.4442492,0,Urban,11/11/2025,1.234025848,5,351
4/14/2023,Beverages,1231,18.9039924,1,Suburban,11/11/2025,1.071181589,6,80
4/15/2023,Household,993,15.89301086,0,Rural,11/11/2025,8.822273058,9,298
4/16/2023,Snacks,1573,7.741985845,0,Urban,11/11/2025,6.196979079,8,142
4/17/2023,Personal Care,410,8.830487675,0,Rural,11/11/2025,0.9154602,8,314
4/18/2023,Snacks,838,11.44270483,0,Urban,11/11/2025,8.957159689,8,320
4/19/2023,Personal Care,1293,16.78015467,0,Urban,11/11/2025,0.663886781,1,143
4/20/2023,Dairy,645,2.305543818,0,Suburban,11/11/2025,11.91689339,1,203
4/21/2023,Personal Care,513,9.061640832,0,Urban,11/11/2025,4.943275929,8,443
4/22/2023,Household,350,2.569735606,1,Urban,11/11/2025,1.083741044,5,334
4/23/2023,Beverages,858,10.77849414,0,Suburban,11/11/2025,9.031107204,9,129
4/24/2023,Personal Care,1904,18.07911566,0,Rural,11/11/2025,6.266424009,2,341
4/25/2023,Personal Care,1264,15.86721357,0,Urban,11/11/2025,14.62010599,9,133
4/26/2023,Beverages,1397,5.329005933,0,Suburban,11/11/2025,8.390880606,8,414
4/27/2023,Household,1539,19.54382614,0,Urban,11/11/2025,4.490968125,9,423
4/28/2023,Snacks,1731,13.67965756,0,Suburban,11/11/2025,10.78686354,4,86
4/29/2023,Personal Care,1862,1.198126289,0,Rural,11/11/2025,4.436634037,1,391
4/30/2023,Beverages,1162,5.852856209,0,Rural,11/11/2025,13.61152773,1,376
5/1/2023,Dairy,913,5.953552698,1,Suburban,11/11/2025,5.933468572,5,456
5/2/2023,Beverages,128,2.315831819,0,Suburban,11/11/2025,8.47309416,2,474
5/3/2023,Dairy,1057,19.23670384,0,Suburban,11/11/2025,1.233310005,8,281
5/4/2023,Household,576,10.0868506,0,Rural,11/11/2025,6.67875795,5,142
5/5/2023,Snacks,417,18.02047735,0,Urban,11/11/2025,12.56927133,5,385
5/6/2023,Beverages,344,7.122094565,1,Rural,11/11/2025,12.18190768,2,151
5/7/2023,Personal Care,847,3.379437838,1,Suburban,11/11/2025,3.752619103,7,461
5/8/2023,Household,796,10.01238609,1,Suburban,11/11/2025,3.77814653,8,481
5/9/2023,Beverages,371,3.16517606,1,Rural,11/11/2025,12.35092703,1,215
5/10/2023,Personal Care,1563,10.23429456,1,Suburban,11/11/2025,13.99077709,2,208
5/11/2023,Beverages,1871,18.48564644,1,Rural,11/11/2025,1.882733358,4,63
5/12/2023,Dairy,1362,10.89459469,1,Suburban,11/11/2025,7.025850272,5,422
5/13/2023,Beverages,476,12.71349481,1,Urban,11/11/2025,5.393087045,2,274
5/14/2023,Beverages,365,3.976130303,1,Urban,11/11/2025,13.1249826,1,122
5/15/2023,Beverages,1025,1.830976892,1,Suburban,11/11/2025,1.711111263,9,298
5/16/2023,Household,1020,3.105351281,1,Rural,11/11/2025,3.561326167,1,140
5/17/2023,Beverages,1482,12.37209994,1,Urban,11/11/2025,11.4107909,4,265
5/18/2023,Personal Care,439,2.805222281,1,Rural,11/11/2025,1.24376081,2,139
5/19/2023,Dairy,488,8.143864909,1,Suburban,11/11/2025,7.64176302,4,78
5/20/2023,Dairy,676,11.45174687,1,Rural,11/11/2025,6.910552003,8,484
5/21/2023,Beverages,1812,8.384403174,1,Urban,11/11/2025,5.348817095,8,354
5/22/2023,Household,102,4.109992228,0,Rural,11/11/2025,6.221298572,9,476
5/23/2023,Household,1552,6.202034843,1,Rural,11/11/2025,8.18413851,5,269
5/24/2023,Personal Care,1265,18.63803312,0,Suburban,11/11/2025,2.839826697,7,377
5/25/2023,Beverages,475,13.84366324,1,Suburban,11/11/2025,8.793940235,3,264
5/26/2023,Dairy,1793,10.42490893,1,Suburban,11/11/2025,12.17876877,4,270
5/27/2023,Household,423,1.24158291,0,Urban,11/11/2025,11.52233348,9,438
5/28/2023,Beverages,245,19.85589261,1,Urban,11/11/2025,2.731548618,1,91
5/29/2023,Household,392,13.75764376,0,Suburban,11/11/2025,2.664117311,2,184
5/30/2023,Household,1788,7.02152707,0,Suburban,11/11/2025,4.388528332,5,91
5/31/2023,Dairy,531,17.70610454,0,Urban,11/11/2025,5.735583532,3,213
6/1/2023,Snacks,804,5.910200786,1,Urban,11/11/2025,6.42260593,2,410
6/2/2023,Personal Care,1048,11.336315,1,Urban,11/11/2025,10.35560964,1,332
6/3/2023,Personal Care,684,13.08534451,1,Urban,11/11/2025,1.321866266,3,107
6/4/2023,Dairy,498,5.200204058,0,Suburban,11/11/2025,1.002754211,1,351
6/5/2023,Household,916,19.5895483,0,Urban,11/11/2025,6.182703163,1,371
6/6/2023,Beverages,1467,15.21564621,1,Suburban,11/11/2025,10.60887354,1,74
6/7/2023,Household,1063,11.59845128,1,Rural,11/11/2025,3.304812473,8,122
6/8/2023,Dairy,1263,4.431297365,1,Rural,11/11/2025,9.801814978,3,422
6/9/2023,Personal Care,286,2.023305933,1,Urban,11/11/2025,4.267508,1,460
6/10/2023,Household,1928,7.081136818,1,Rural,11/11/2025,13.34824858,7,178
6/11/2023,Personal Care,160,15.31055938,0,Rural,11/11/2025,13.48750419,3,136
6/12/2023,Beverages,1038,6.117294668,0,Rural,11/11/2025,4.810664462,8,379
6/13/2023,Personal Care,1503,11.25156819,0,Urban,11/11/2025,3.834909432,4,475
6/14/2023,Personal Care,809,14.83099636,1,Urban,11/11/2025,6.463907595,4,485
6/15/2023,Snacks,906,3.050930578,0,Rural,11/11/2025,3.987707985,5,202
6/16/2023,Snacks,1563,14.02066231,0,Suburban,11/11/2025,10.24956573,6,231
6/17/2023,Snacks,1442,2.745546866,0,Rural,11/11/2025,12.47793793,7,174
6/18/2023,Personal Care,1425,19.3374651,0,Urban,11/11/2025,10.2598359,4,116
6/19/2023,Dairy,1467,10.27948847,0,Urban,11/11/2025,12.45308149,8,55
6/20/2023,Personal Care,110,3.862846046,1,Urban,11/11/2025,6.256386352,6,174
6/21/2023,Dairy,1185,7.505289085,0,Rural,11/11/2025,2.766596075,1,363
6/22/2023,Dairy,1968,8.854912537,1,Suburban,11/11/2025,11.20028874,1,375
6/23/2023,Snacks,325,15.40551521,1,Urban,11/11/2025,5.726880325,9,102
6/24/2023,Household,1276,15.12505194,1,Urban,11/11/2025,10.23342697,6,115
6/25/2023,Beverages,1834,12.6268696,1,Rural,11/11/2025,4.424337159,8,363
6/26/2023,Snacks,663,3.012683539,1,Suburban,11/11/2025,1.677829705,7,131
6/27/2023,Snacks,871,3.87981806,0,Rural,11/11/2025,14.89243603,6,136
6/28/2023,Household,1694,2.781381492,0,Urban,11/11/2025,2.764921865,4,51
6/29/2023,Beverages,1707,11.96628288,1,Suburban,11/11/2025,14.83210441,7,253
6/30/2023,Personal Care,1783,17.66563039,1,Suburban,11/11/2025,14.67055902,9,199
7/1/2023,Personal Care,1984,9.242209733,1,Urban,11/11/2025,12.01036251,7,342
7/2/2023,Snacks,1698,4.056115305,0,Suburban,11/11/2025,10.06163295,1,453
7/3/2023,Beverages,1433,11.60280418,1,Suburban,11/11/2025,8.878202229,9,152
7/4/2023,Snacks,984,16.42329212,0,Rural,11/11/2025,13.05847241,4,73
7/5/2023,Dairy,1366,15.09252917,1,Urban,11/11/2025,4.696873063,3,417
7/6/2023,Snacks,1616,17.74756481,0,Urban,11/11/2025,7.281377581,4,261
7/7/2023,Snacks,1489,6.280139848,1,Urban,11/11/2025,9.481154556,4,114
7/8/2023,Personal Care,1453,4.685123478,0,Urban,11/11/2025,6.4622619,2,498
7/9/2023,Personal Care,1230,17.71651323,1,Urban,11/11/2025,6.698553584,1,258
7/10/2023,Personal Care,325,13.49364594,0,Suburban,11/11/2025,5.289127679,1,300
7/11/2023,Dairy,924,6.90764967,0,Rural,11/11/2025,8.681361342,8,434
7/12/2023,Personal Care,317,15.10461296,0,Urban,11/11/2025,12.83333066,2,166
7/13/2023,Beverages,1036,16.48724931,0,Rural,11/11/2025,3.422161481,5,165
7/14/2023,Household,852,12.68458657,0,Rural,11/11/2025,14.04927906,4,286
7/15/2023,Beverages,605,14.06979809,0,Suburban,11/11/2025,10.49177098,8,154
7/16/2023,Beverages,358,8.129938184,0,Urban,11/11/2025,12.43746158,2,308
7/17/2023,Personal Care,1897,11.23521768,1,Suburban,11/11/2025,8.564765043,9,95
7/18/2023,Household,1640,10.95902424,1,Urban,11/11/2025,11.80299217,7,360
7/19/2023,Household,1896,17.11290803,1,Suburban,11/11/2025,0.734905761,7,380
7/20/2023,Household,153,16.95931563,1,Rural,11/11/2025,12.36651616,1,265
7/21/2023,Dairy,1170,16.82092892,1,Urban,11/11/2025,1.082013457,2,497
7/22/2023,Personal Care,826,1.209600671,0,Rural,11/11/2025,13.40374396,4,350
7/23/2023,Household,788,15.2413642,0,Rural,11/11/2025,14.88345983,4,459
7/24/2023,Dairy,1644,15.41485141,0,Suburban,11/11/2025,4.763978202,3,382
7/25/2023,Snacks,1222,13.88919763,0,Urban,11/11/2025,3.549619066,7,498
7/26/2023,Snacks,1143,15.3690285,0,Rural,11/11/2025,11.59776878,8,73
7/27/2023,Dairy,1876,16.99743706,1,Suburban,11/11/2025,4.168881943,2,84
7/28/2023,Dairy,1696,9.936062028,1,Urban,11/11/2025,13.05065456,4,73
7/29/2023,Personal Care,1613,10.53895406,1,Urban,11/11/2025,1.991217586,3,77
7/30/2023,Personal Care,518,3.369567081,1,Rural,11/11/2025,2.326350348,2,65
7/31/2023,Snacks,789,8.322141778,0,Urban,11/11/2025,14.69769755,6,108
8/1/2023,Household,949,13.22393842,0,Rural,11/11/2025,10.27066402,4,292
8/2/2023,Snacks,161,15.82759575,0,Urban,11/11/2025,12.77986475,6,487
8/3/2023,Household,1268,5.126972856,1,Suburban,11/11/2025,5.202775972,2,256
8/4/2023,Household,315,3.618635084,0,Rural,11/11/2025,10.30901437,4,449
8/5/2023,Personal Care,102,13.59779809,1,Rural,11/11/2025,9.116506496,6,320
8/6/2023,Beverages,259,1.035717787,0,Urban,11/11/2025,9.245676742,5,298
8/7/2023,Beverages,1862,4.389079102,0,Urban,11/11/2025,10.39672066,3,316
8/8/2023,Dairy,880,1.552356227,1,Rural,11/11/2025,8.84270801,8,242
8/9/2023,Personal Care,1243,4.170817239,0,Urban,11/11/2025,6.721404355,7,384
8/10/2023,Household,992,4.445066319,0,Suburban,11/11/2025,4.500879069,3,267
8/11/2023,Beverages,1212,8.3657983,1,Urban,11/11/2025,11.6444293,6,164
8/12/2023,Household,428,8.644215369,0,Suburban,11/11/2025,3.780950235,4,117
8/13/2023,Beverages,679,17.61098694,1,Suburban,11/11/2025,10.53913744,5,348
8/14/2023,Beverages,1480,10.69208454,0,Suburban,11/11/2025,3.883325928,5,374
8/15/2023,Beverages,1733,14.74469055,0,Suburban,11/11/2025,9.567287464,7,446
8/16/2023,Personal Care,1390,2.9786098,0,Suburban,11/11/2025,11.33263487,5,443
8/17/2023,Snacks,1740,5.283336354,0,Urban,11/11/2025,3.671351389,3,124
8/18/2023,Household,1051,14.35592538,0,Suburban,11/11/2025,1.369177862,5,152
8/19/2023,Personal Care,1446,2.003275249,0,Urban,11/11/2025,2.399119273,7,346
8/20/2023,Personal Care,734,10.24535558,0,Suburban,11/11/2025,9.286956025,5,227
8/21/2023,Personal Care,1087,12.38801035,0,Rural,11/11/2025,12.81697289,5,264
8/22/2023,Personal Care,1664,12.44076724,1,Suburban,11/11/2025,1.152453908,9,364
8/23/2023,Personal Care,1772,1.435723414,1,Rural,11/11/2025,11.14519326,3,88
8/24/2023,Dairy,1318,7.12005208,0,Suburban,11/11/2025,5.449120366,6,308
8/25/2023,Household,1020,13.09332237,0,Suburban,11/11/2025,7.438661364,1,253
8/26/2023,Personal Care,837,3.830994987,1,Suburban,11/11/2025,13.96846347,5,56
8/27/2023,Household,1455,14.21289732,0,Rural,11/11/2025,5.313586819,8,98
8/28/2023,Dairy,269,15.17257897,0,Rural,11/11/2025,7.247385542,5,75
8/29/2023,Dairy,620,19.65741462,1,Suburban,11/11/2025,0.698395014,9,210
8/30/2023,Household,1586,4.986997902,0,Urban,11/11/2025,1.68318144,6,406
8/31/2023,Beverages,139,16.67748269,0,Suburban,11/11/2025,4.249578071,8,225
9/1/2023,Snacks,1660,10.88563496,1,Rural,11/11/2025,0.903857492,8,128
9/2/2023,Beverages,1384,8.095789327,0,Suburban,11/11/2025,9.654942228,3,51
9/3/2023,Beverages,1518,3.325158389,0,Rural,11/11/2025,6.682776174,7,432
9/4/2023,Beverages,1054,14.97460652,1,Rural,11/11/2025,8.44810544,7,465
9/5/2023,Personal Care,1349,5.481294384,0,Rural,11/11/2025,3.032384195,6,181
9/6/2023,Dairy,1083,8.057018036,1,Suburban,11/11/2025,4.791014427,7,325
9/7/2023,Beverages,1247,2.188302311,0,Rural,11/11/2025,10.12545489,2,166
9/8/2023,Dairy,1074,16.2259714,0,Rural,11/11/2025,14.49688949,9,213
9/9/2023,Household,137,15.56518196,1,Suburban,11/11/2025,1.231043217,1,337
9/10/2023,Snacks,427,14.93870077,1,Rural,11/11/2025,13.41057265,1,77
9/11/2023,Household,1374,6.689426699,0,Suburban,11/11/2025,8.864777419,3,382
9/12/2023,Household,1299,4.296121411,1,Rural,11/11/2025,8.676833718,3,50
9/13/2023,Personal Care,1725,13.11351202,1,Urban,11/11/2025,7.754038761,1,237
9/14/2023,Snacks,1013,10.4271613,0,Urban,11/11/2025,1.506214246,7,105
9/15/2023,Household,553,4.386796871,0,Rural,11/11/2025,1.80321435,4,84
9/16/2023,Household,136,14.03231415,0,Urban,11/11/2025,9.213224082,2,161
9/17/2023,Snacks,1439,19.8314022,1,Suburban,11/11/2025,5.443899286,5,335
9/18/2023,Snacks,1811,15.19717217,1,Urban,11/11/2025,13.80038697,6,359
9/19/2023,Household,1072,15.05974135,1,Rural,11/11/2025,6.395562792,9,85
9/20/2023,Snacks,895,19.05594231,1,Rural,11/11/2025,2.577581151,4,488
9/21/2023,Household,1072,4.855790984,0,Suburban,11/11/2025,10.86342309,2,266
9/22/2023,Household,692,11.74544933,1,Rural,11/11/2025,4.753624611,5,129
9/23/2023,Personal Care,1237,19.61328759,0,Suburban,11/11/2025,8.119319457,3,363
9/24/2023,Beverages,1163,4.140588108,1,Urban,11/11/2025,10.61857539,2,132
9/25/2023,Household,1424,14.30478723,0,Urban,11/11/2025,13.55382961,1,114
9/26/2023,Dairy,323,12.13039277,0,Suburban,11/11/2025,11.98677232,2,374
9/27/2023,Beverages,417,12.14310275,0,Suburban,11/11/2025,10.30723548,6,177
9/28/2023,Beverages,448,14.25574192,1,Rural,11/11/2025,10.35468114,8,356
9/29/2023,Beverages,214,18.66272153,0,Urban,11/11/2025,14.21590734,3,71
9/30/2023,Personal Care,797,15.86905686,0,Suburban,11/11/2025,4.789449414,9,265
10/1/2023,Household,1446,2.066585965,1,Urban,11/11/2025,0.516125366,9,156
10/2/2023,Personal Care,1691,17.20183238,0,Suburban,11/11/2025,4.443341111,2,158
10/3/2023,Household,1163,5.285285269,1,Urban,11/11/2025,3.659425005,8,421
10/4/2023,Personal Care,1989,8.16136913,1,Rural,11/11/2025,10.09660148,5,406
10/5/2023,Personal Care,139,9.772923459,0,Urban,11/11/2025,9.688818197,4,230
10/6/2023,Dairy,1982,10.13721401,0,Urban,11/11/2025,9.105190049,5,405
10/7/2023,Personal Care,1872,9.268427586,1,Urban,11/11/2025,0.735529927,4,213
10/8/2023,Snacks,1412,18.80971259,0,Urban,11/11/2025,11.06728179,8,117
10/9/2023,Dairy,1385,14.41436115,1,Urban,11/11/2025,5.191190981,4,341
10/10/2023,Personal Care,315,12.99224227,1,Rural,11/11/2025,10.14331184,6,229
10/11/2023,Beverages,1270,1.946998528,1,Suburban,11/11/2025,8.570387213,2,230
10/12/2023,Snacks,435,18.17435327,0,Urban,11/11/2025,5.469598419,5,483
10/13/2023,Snacks,1291,18.27841365,1,Rural,11/11/2025,2.451355873,6,218
10/14/2023,Snacks,191,15.82404821,0,Urban,11/11/2025,1.869074016,5,451
10/15/2023,Dairy,452,1.133554872,0,Urban,11/11/2025,12.55701583,2,71
10/16/2023,Personal Care,670,2.08832477,0,Suburban,11/11/2025,13.81676436,7,115
10/17/2023,Personal Care,1694,5.279250343,0,Urban,11/11/2025,9.921926678,4,70
10/18/2023,Beverages,915,3.495638755,1,Rural,11/11/2025,1.999794665,8,149
10/19/2023,Beverages,1804,8.577884564,0,Rural,11/11/2025,6.329394645,7,433
10/20/2023,Snacks,880,18.5298381,1,Suburban,11/11/2025,11.0696184,7,349
10/21/2023,Beverages,462,9.96914825,1,Urban,11/11/2025,11.80740282,9,152
10/22/2023,Dairy,656,1.254649902,0,Rural,11/11/2025,2.214170023,1,96
10/23/2023,Personal Care,1468,6.372168102,1,Urban,11/11/2025,0.500445423,6,88
10/24/2023,Snacks,1816,1.847303259,1,Urban,11/11/2025,10.82598717,6,334
10/25/2023,Beverages,1293,1.68946483,0,Urban,11/11/2025,5.670644552,6,359
10/26/2023,Dairy,455,6.238677209,1,Suburban,11/11/2025,4.189979308,6,139
10/27/2023,Dairy,290,6.236634435,1,Urban,11/11/2025,0.687013312,7,134
10/28/2023,Beverages,1790,15.95540545,1,Rural,11/11/2025,8.334341398,6,322
10/29/2023,Personal Care,521,19.5218584,1,Urban,11/11/2025,12.84168566,1,385
10/30/2023,Beverages,799,8.052934784,0,Rural,11/11/2025,14.38565887,3,237
10/31/2023,Snacks,106,9.148850698,1,Urban,11/11/2025,8.703301784,2,208
11/1/2023,Beverages,232,17.05099929,1,Rural,11/11/2025,7.959689252,6,292
11/2/2023,Dairy,1870,6.094641382,1,Rural,11/11/2025,1.73331759,8,122
11/3/2023,Beverages,656,3.971254284,1,Urban,11/11/2025,8.458655622,3,98
11/4/2023,Personal Care,925,17.20870284,0,Urban,11/11/2025,6.009696645,8,150
11/5/2023,Household,860,1.883511142,1,Rural,11/11/2025,9.303461573,8,51
11/6/2023,Beverages,1154,12.77428936,0,Suburban,11/11/2025,6.136532044,5,293
11/7/2023,Personal Care,634,11.6778641,1,Urban,11/11/2025,3.98433729,8,225
11/8/2023,Personal Care,525,7.572488503,0,Suburban,11/11/2025,1.876996491,6,287
11/9/2023,Dairy,1517,6.988600901,0,Urban,11/11/2025,5.066317447,5,447
11/10/2023,Personal Care,771,15.6652968,0,Urban,11/11/2025,1.901350097,9,108
11/11/2023,Personal Care,462,2.642067604,0,Urban,11/11/2025,3.065005787,7,402
11/12/2023,Personal Care,1560,5.498901877,0,Urban,11/11/2025,14.8163743,8,148
11/13/2023,Personal Care,1793,14.9165259,1,Suburban,11/11/2025,6.939501575,1,491
11/14/2023,Snacks,1674,11.41809109,1,Urban,11/11/2025,8.212140614,2,408
11/15/2023,Snacks,181,3.431775962,1,Rural,11/11/2025,13.16746867,8,491
11/16/2023,Dairy,455,17.76057667,0,Rural,11/11/2025,14.93574906,9,484
11/17/2023,Beverages,1381,8.475509085,1,Suburban,11/11/2025,8.949359515,4,51
11/18/2023,Personal Care,1841,16.72949913,0,Urban,11/11/2025,12.28087041,9,292
11/19/2023,Beverages,688,15.9665473,0,Rural,11/11/2025,5.240644853,4,346
11/20/2023,Beverages,1647,12.86408348,1,Suburban,11/11/2025,4.933287383,9,260
11/21/2023,Dairy,394,10.39514149,1,Urban,11/11/2025,6.339203954,7,172
11/22/2023,Personal Care,1347,19.61146597,0,Rural,11/11/2025,10.25135531,2,278
11/23/2023,Personal Care,1648,3.754336375,0,Rural,11/11/2025,10.39177949,9,131
11/24/2023,Household,1169,14.77795882,1,Suburban,11/11/2025,5.070971802,4,193
11/25/2023,Beverages,1790,4.632623328,1,Urban,11/11/2025,2.4315439,8,437
11/26/2023,Beverages,1236,7.426999001,1,Urban,11/11/2025,9.669745719,7,189
11/27/2023,Snacks,1356,6.865276124,1,Rural,11/11/2025,2.360725002,7,78
11/28/2023,Household,116,18.99368377,0,Rural,11/11/2025,8.888141369,8,440
11/29/2023,Snacks,459,19.37976738,1,Rural,11/11/2025,10.55462086,1,319
11/30/2023,Snacks,1346,4.47729344,1,Urban,11/11/2025,10.6588667,5,296
12/1/2023,Snacks,965,1.418668046,1,Suburban,11/11/2025,11.4253456,2,61
12/2/2023,Dairy,799,14.68015275,0,Suburban,11/11/2025,13.15646161,2,404
12/3/2023,Dairy,547,8.941808744,0,Urban,11/11/2025,7.749405383,1,438
12/4/2023,Snacks,955,2.687964657,0,Suburban,11/11/2025,11.08861325,5,386
12/5/2023,Household,464,13.99132801,0,Rural,11/11/2025,9.478004663,2,155
12/6/2023,Beverages,774,11.35700504,1,Suburban,11/11/2025,3.206279127,4,81
12/7/2023,Household,1107,19.62981962,0,Suburban,11/11/2025,0.872499851,3,123
12/8/2023,Personal Care,1449,5.320780421,1,Suburban,11/11/2025,4.625850092,3,220
12/9/2023,Dairy,566,8.67557965,1,Rural,11/11/2025,6.923988742,2,386
12/10/2023,Beverages,513,11.30837026,1,Urban,11/11/2025,9.448036194,6,118
12/11/2023,Beverages,1578,16.04229978,1,Rural,11/11/2025,12.82441029,2,350
12/12/2023,Personal Care,685,11.42793448,0,Urban,11/11/2025,3.345562892,8,411
12/13/2023,Personal Care,1356,12.64510306,0,Urban,11/11/2025,2.320471954,8,186
12/14/2023,Snacks,1347,5.29679398,0,Urban,11/11/2025,14.47045924,5,482
12/15/2023,Dairy,1093,17.09145583,1,Suburban,11/11/2025,2.066646111,7,466
12/16/2023,Dairy,1954,9.143980392,1,Suburban,11/11/2025,7.438120517,4,149
12/17/2023,Household,1535,3.678232923,1,Urban,11/11/2025,8.990674068,1,195
12/18/2023,Snacks,671,13.61957038,1,Urban,11/11/2025,8.349929103,2,58
12/19/2023,Snacks,434,5.105718611,1,Suburban,11/11/2025,1.747466277,4,111
12/20/2023,Snacks,1345,2.853687695,0,Rural,11/11/2025,1.326890253,1,234
12/21/2023,Snacks,136,17.37775126,1,Urban,11/11/2025,2.029509698,8,78
12/22/2023,Dairy,1088,9.743083025,0,Rural,11/11/2025,8.991021416,9,430
12/23/2023,Dairy,377,15.23639054,1,Suburban,11/11/2025,8.393000871,4,163
12/24/2023,Snacks,1319,6.521163636,1,Urban,11/11/2025,3.889241485,3,458
12/25/2023,Household,1015,15.95243256,0,Rural,11/11/2025,9.747725057,2,192
12/26/2023,Beverages,1987,3.126782613,0,Rural,11/11/2025,12.39097878,5,439
12/27/2023,Beverages,583,7.763494102,1,Rural,11/11/2025,1.102894918,3,169
12/28/2023,Household,1365,19.58317454,1,Suburban,11/11/2025,7.722884181,7,219
12/29/2023,Snacks,1447,16.08580461,1,Suburban,11/11/2025,10.49500098,6,206
12/30/2023,Dairy,830,10.44786268,1,Rural,11/11/2025,4.158522943,1,384
12/31/2023,Beverages,291,7.45577196,0,Rural,11/11/2025,4.962678127,8,398
1/1/2024,Personal Care,1140,17.5705783,1,Suburban,11/11/2025,9.397749593,2,309
1/2/2024,Personal Care,623,11.35210742,0,Rural,11/11/2025,13.52006175,5,131
1/3/2024,Household,1017,15.41007534,1,Rural,11/11/2025,12.24390409,9,291
1/4/2024,Snacks,500,15.32804593,0,Suburban,11/11/2025,8.955388177,8,490
1/5/2024,Beverages,985,1.340967893,0,Rural,11/11/2025,11.08821491,2,482
1/6/2024,Snacks,804,3.398821873,1,Rural,11/11/2025,5.789925818,9,221
1/7/2024,Beverages,121,13.53295796,0,Rural,11/11/2025,9.794000157,5,280
1/8/2024,Household,573,4.070776414,1,Suburban,11/11/2025,7.259633071,6,257
1/9/2024,Household,1243,5.854373548,0,Rural,11/11/2025,3.254073979,3,124
1/10/2024,Personal Care,309,18.98612113,1,Suburban,11/11/2025,10.67520497,3,319
1/11/2024,Snacks,405,11.64346291,0,Suburban,11/11/2025,8.568737242,8,436
1/12/2024,Personal Care,1393,15.26386063,1,Urban,11/11/2025,5.700012938,2,163
1/13/2024,Snacks,803,11.60163404,1,Urban,11/11/2025,13.71441826,2,111
1/14/2024,Personal Care,786,11.49775868,0,Rural,11/11/2025,0.803544708,5,411
1/15/2024,Dairy,384,2.788886292,0,Suburban,11/11/2025,5.078710693,6,369
1/16/2024,Dairy,815,7.52960066,0,Urban,11/11/2025,1.324780268,2,151
1/17/2024,Dairy,1799,6.366187075,0,Rural,11/11/2025,11.61464609,5,478
1/18/2024,Dairy,862,8.423838947,1,Urban,11/11/2025,10.68055808,7,411
1/19/2024,Beverages,1350,16.16853958,0,Urban,11/11/2025,5.304607172,8,259
1/20/2024,Dairy,1047,8.06672069,1,Suburban,11/11/2025,10.29711208,7,491
1/21/2024,Household,480,9.582239565,0,Suburban,11/11/2025,6.24108978,8,304
1/22/2024,Household,559,8.550246419,1,Urban,11/11/2025,11.46567998,9,69
1/23/2024,Beverages,1130,2.774751468,1,Urban,11/11/2025,7.08566311,5,107
1/24/2024,Dairy,128,9.380371007,1,Suburban,11/11/2025,6.478056054,5,161
1/25/2024,Dairy,1006,4.716576188,1,Rural,11/11/2025,14.05358377,4,362
1/26/2024,Dairy,1156,4.54774262,0,Suburban,11/11/2025,4.137746948,9,245
1/27/2024,Personal Care,1769,2.786685984,0,Urban,11/11/2025,2.24648643,5,424
1/28/2024,Snacks,978,7.776748509,1,Rural,11/11/2025,8.975875142,2,402
1/29/2024,Personal Care,178,15.39215581,0,Urban,11/11/2025,14.55516628,8,141
1/30/2024,Snacks,1046,6.252392121,0,Rural,11/11/2025,5.978668599,7,101
1/31/2024,Dairy,558,6.934632936,1,Urban,11/11/2025,1.399533073,8,342
2/1/2024,Dairy,669,13.2108185,0,Rural,11/11/2025,5.419926376,3,57
2/2/2024,Personal Care,1661,4.720975439,0,Rural,11/11/2025,7.836008988,4,349
2/3/2024,Personal Care,1605,18.04220068,0,Urban,11/11/2025,2.847883596,5,147
2/4/2024,Snacks,1553,10.88361994,1,Rural,11/11/2025,10.04248216,6,285
2/5/2024,Household,837,9.504455866,0,Suburban,11/11/2025,14.96736614,1,438
2/6/2024,Snacks,1408,11.59858365,1,Urban,11/11/2025,7.050222402,4,423
2/7/2024,Personal Care,615,4.154651955,0,Suburban,11/11/2025,5.643564073,5,118
2/8/2024,Personal Care,1222,12.65598963,0,Urban,11/11/2025,6.310210419,7,464
2/9/2024,Beverages,496,7.898913996,0,Rural,11/11/2025,2.169619587,5,94
2/10/2024,Personal Care,1612,18.04654048,1,Rural,11/11/2025,13.30746722,1,186
2/11/2024,Beverages,138,4.208229927,1,Rural,11/11/2025,6.514972005,7,283
2/12/2024,Household,1394,10.63397097,0,Urban,11/11/2025,6.115478966,8,81
2/13/2024,Snacks,986,12.36413996,1,Suburban,11/11/2025,10.06550896,7,338
2/14/2024,Snacks,896,1.634288434,0,Suburban,11/11/2025,6.909484604,4,175
2/15/2024,Beverages,256,7.91016937,1,Urban,11/11/2025,9.899385298,8,116
2/16/2024,Snacks,1198,14.92006946,1,Urban,11/11/2025,1.390971207,5,79
2/17/2024,Personal Care,983,16.58717264,0,Suburban,11/11/2025,12.29898848,9,163
2/18/2024,Dairy,1923,6.950077902,0,Suburban,11/11/2025,14.13730732,5,253
2/19/2024,Beverages,1253,16.17327218,0,Suburban,11/11/2025,9.907098099,1,78
2/20/2024,Snacks,1810,19.38736166,0,Suburban,11/11/2025,14.34120597,9,180
2/21/2024,Beverages,1073,17.28060479,1,Urban,11/11/2025,2.695768558,5,234
2/22/2024,Beverages,1207,3.235235775,1,Urban,11/11/2025,7.422534747,6,302
2/23/2024,Dairy,1145,15.05487631,1,Rural,11/11/2025,9.226197642,4,335
2/24/2024,Personal Care,1582,7.073669816,0,Suburban,11/11/2025,8.935181388,6,442
2/25/2024,Beverages,1662,19.7799038,0,Rural,11/11/2025,6.321195797,8,459
2/26/2024,Snacks,1830,10.22182068,1,Urban,11/11/2025,5.402223936,3,435
2/27/2024,Household,948,3.326244069,0,Urban,11/11/2025,2.338948327,5,111
2/28/2024,Beverages,1505,14.77852541,1,Rural,11/11/2025,6.180265533,2,52
2/29/2024,Beverages,847,7.137212769,1,Suburban,11/11/2025,2.858581819,2,479
3/1/2024,Dairy,1563,19.94448498,1,Suburban,11/11/2025,11.14830231,7,117
3/2/2024,Personal Care,1727,19.6158667,1,Suburban,11/11/2025,3.528048565,6,74
3/3/2024,Household,1088,13.46654634,1,Suburban,11/11/2025,1.349196927,4,228
3/4/2024,Snacks,120,3.46670253,0,Rural,11/11/2025,8.509308998,5,190
3/5/2024,Household,402,14.05035896,0,Rural,11/11/2025,9.130831124,1,280
3/6/2024,Snacks,968,2.767579243,0,Urban,11/11/2025,13.14273939,7,349
3/7/2024,Personal Care,183,1.557919023,1,Suburban,11/11/2025,8.86623338,8,212
3/8/2024,Snacks,1897,16.63621048,1,Suburban,11/11/2025,5.509472379,9,360
3/9/2024,Dairy,1782,4.985306006,1,Suburban,11/11/2025,12.14367228,8,442
3/10/2024,Dairy,1576,8.201515398,1,Rural,11/11/2025,8.334043951,5,179
3/11/2024,Dairy,1510,19.49569041,0,Suburban,11/11/2025,1.649564127,3,494
3/12/2024,Dairy,1630,7.399969535,0,Rural,11/11/2025,8.704833125,9,295
3/13/2024,Household,1380,6.633305844,1,Suburban,11/11/2025,13.66626891,6,346
3/14/2024,Personal Care,669,18.44595199,1,Suburban,11/11/2025,6.24653307,5,221
3/15/2024,Snacks,1033,3.104220461,1,Urban,11/11/2025,4.796724128,3,113
3/16/2024,Snacks,1650,15.43206579,0,Suburban,11/11/2025,2.580307127,6,80
3/17/2024,Dairy,1285,19.77324577,0,Suburban,11/11/2025,2.695960068,3,96
3/18/2024,Dairy,1286,18.1246242,0,Urban,11/11/2025,6.775186523,6,179
3/19/2024,Beverages,1955,13.38169046,1,Rural,11/11/2025,9.13735745,4,401
3/20/2024,Personal Care,1108,6.967155105,1,Rural,11/11/2025,1.668923375,2,382
3/21/2024,Household,892,5.832117642,0,Suburban,11/11/2025,14.12374454,8,159
3/22/2024,Snacks,891,16.56584699,1,Rural,11/11/2025,11.44943745,4,118
3/23/2024,Beverages,1647,17.71661637,0,Suburban,11/11/2025,9.006046815,9,107
3/24/2024,Beverages,1909,10.98326334,1,Urban,11/11/2025,12.51236073,7,155
3/25/2024,Snacks,1394,5.642458875,0,Urban,11/11/2025,1.662707974,2,349
3/26/2024,Household,591,3.14592096,1,Suburban,11/11/2025,7.414163727,4,379
3/27/2024,Beverages,307,2.656409889,0,Urban,11/11/2025,9.636350339,5,305
3/28/2024,Beverages,1662,14.6624715,0,Urban,11/11/2025,12.51546714,3,361
3/29/2024,Personal Care,1707,8.982255829,0,Suburban,11/11/2025,11.86030862,9,220
3/30/2024,Household,1183,18.20183761,0,Suburban,11/11/2025,4.517504121,5,432
3/31/2024,Beverages,529,15.05375471,0,Urban,11/11/2025,14.14276246,2,211
4/1/2024,Household,1084,4.63394794,0,Rural,11/11/2025,2.303014701,3,335
4/2/2024,Snacks,1780,12.66177096,1,Rural,11/11/2025,13.18943747,9,120
4/3/2024,Dairy,1728,9.274603634,1,Suburban,11/11/2025,14.57863362,7,304
4/4/2024,Beverages,1432,11.96774488,1,Suburban,11/11/2025,3.068726087,2,423
4/5/2024,Personal Care,619,15.02331334,0,Rural,11/11/2025,10.96995793,9,104
4/6/2024,Snacks,690,16.31772174,0,Urban,11/11/2025,1.084140022,4,372
4/7/2024,Household,1150,17.0310092,1,Rural,11/11/2025,6.378630965,9,446
4/8/2024,Snacks,1809,5.825522617,0,Rural,11/11/2025,7.986107838,2,52
4/9/2024,Beverages,1685,1.591196398,0,Rural,11/11/2025,8.919355776,4,75
4/10/2024,Household,298,15.04659997,0,Rural,11/11/2025,14.0710901,5,362
4/11/2024,Dairy,486,3.020530799,0,Suburban,11/11/2025,10.24763497,2,175
4/12/2024,Snacks,448,6.983472184,0,Suburban,11/11/2025,7.478530293,1,457
4/13/2024,Beverages,1059,1.072525548,1,Urban,11/11/2025,12.24028803,7,102
4/14/2024,Personal Care,792,13.95172017,1,Urban,11/11/2025,14.2827259,1,247
4/15/2024,Household,1659,4.175508218,1,Urban,11/11/2025,0.819959156,8,348
4/16/2024,Snacks,1951,13.45036578,1,Urban,11/11/2025,14.74655845,3,237
4/17/2024,Snacks,477,19.84310973,1,Rural,11/11/2025,1.748916016,6,235
4/18/2024,Dairy,998,2.380746561,0,Suburban,11/11/2025,12.3086083,7,354
4/19/2024,Dairy,1015,2.464482227,0,Suburban,11/11/2025,4.564853912,1,347
4/20/2024,Personal Care,1681,7.467221761,0,Urban,11/11/2025,2.416605037,6,253
4/21/2024,Personal Care,626,17.46134377,0,Urban,11/11/2025,6.877906776,7,499
4/22/2024,Beverages,1276,5.095067507,1,Rural,11/11/2025,9.837370402,6,60
4/23/2024,Beverages,833,7.847178579,1,Rural,11/11/2025,6.023801753,4,408
4/24/2024,Personal Care,305,2.301602726,1,Urban,11/11/2025,1.29119842,1,403
4/25/2024,Personal Care,554,15.49995053,0,Suburban,11/11/2025,9.192186525,9,195
4/26/2024,Household,1396,8.757820512,1,Suburban,11/11/2025,13.5848475,4,134
4/27/2024,Dairy,1359,15.42572593,0,Suburban,11/11/2025,6.056622806,7,149
4/28/2024,Beverages,1975,18.16854904,1,Urban,11/11/2025,3.636825276,7,153
4/29/2024,Dairy,1863,5.422499795,1,Suburban,11/11/2025,6.917371516,2,485
4/30/2024,Dairy,620,16.34052458,0,Rural,11/11/2025,1.20125931,1,95
5/1/2024,Personal Care,1801,2.122783911,0,Rural,11/11/2025,12.39706997,8,93
5/2/2024,Household,1116,18.07810038,1,Urban,11/11/2025,12.48194176,8,327
5/3/2024,Snacks,1055,13.3646024,1,Rural,11/11/2025,9.02600672,7,230
5/4/2024,Household,1954,17.61030776,0,Urban,11/11/2025,5.61999189,8,236
5/5/2024,Household,825,1.003579592,1,Suburban,11/11/2025,12.09685878,3,163
5/6/2024,Dairy,1113,4.212540337,1,Suburban,11/11/2025,8.542961859,2,304
5/7/2024,Household,600,8.405428361,0,Suburban,11/11/2025,12.47601847,7,430
5/8/2024,Beverages,216,8.210555164,1,Rural,11/11/2025,9.656152492,8,429
5/9/2024,Dairy,485,5.307877276,0,Urban,11/11/2025,11.87387936,1,79
5/10/2024,Beverages,1467,8.250626857,1,Suburban,11/11/2025,9.179163402,9,313
5/11/2024,Snacks,683,3.448125528,0,Urban,11/11/2025,6.505045489,4,147
5/12/2024,Dairy,494,8.842461456,1,Suburban,11/11/2025,14.39021497,4,362
5/13/2024,Snacks,1187,16.24473225,0,Rural,11/11/2025,8.346150461,3,416
5/14/2024,Dairy,1840,10.1023312,1,Rural,11/11/2025,9.273798019,6,378
5/15/2024,Personal Care,820,1.34200169,0,Urban,11/11/2025,3.697070772,1,164
5/16/2024,Household,171,9.00743679,1,Rural,11/11/2025,9.571936447,6,325
5/17/2024,Personal Care,1912,1.516325306,1,Rural,11/11/2025,8.788310918,2,330
5/18/2024,Snacks,373,19.3586248,1,Urban,11/11/2025,3.18015677,9,324
5/19/2024,Household,1443,3.421625229,1,Suburban,11/11/2025,1.364012912,2,310
5/20/2024,Dairy,437,14.4460782,1,Rural,11/11/2025,9.263210136,7,380
5/21/2024,Household,1489,19.48275013,1,Urban,11/11/2025,11.57353791,1,256
5/22/2024,Beverages,1618,16.69474198,1,Rural,11/11/2025,8.089319878,7,433
5/23/2024,Household,706,14.28699213,1,Rural,11/11/2025,3.788203067,5,377
5/24/2024,Beverages,265,16.94975728,1,Rural,11/11/2025,10.16456866,8,260
5/25/2024,Household,1667,19.65417517,0,Rural,11/11/2025,1.661533036,4,264
5/26/2024,Beverages,110,12.80554545,0,Urban,11/11/2025,6.90658872,7,460
5/27/2024,Snacks,1424,11.62451133,1,Urban,11/11/2025,2.868817997,6,89
5/28/2024,Personal Care,828,12.9365241,0,Urban,11/11/2025,3.17465624,5,75
5/29/2024,Dairy,900,11.12084185,1,Rural,11/11/2025,3.433262263,4,76
5/30/2024,Household,201,13.06669301,1,Rural,11/11/2025,6.107252327,7,239
5/31/2024,Personal Care,1548,9.547001951,0,Rural,11/11/2025,1.241677981,5,132
6/1/2024,Dairy,1515,5.150420475,1,Urban,11/11/2025,6.268004893,5,433
6/2/2024,Dairy,878,3.284697304,1,Rural,11/11/2025,7.919757983,1,483
6/3/2024,Beverages,313,2.298477775,0,Suburban,11/11/2025,7.507767132,2,219
6/4/2024,Snacks,1814,6.002999891,0,Rural,11/11/2025,6.050369456,5,462
6/5/2024,Snacks,1211,1.876347722,1,Suburban,11/11/2025,12.66762582,3,216
6/6/2024,Personal Care,1676,11.77624482,0,Rural,11/11/2025,2.60723704,2,237
6/7/2024,Snacks,500,6.392740493,0,Urban,11/11/2025,7.832602785,4,218
6/8/2024,Household,687,16.66616135,1,Rural,11/11/2025,1.399600546,4,338
6/9/2024,Snacks,988,2.410576587,0,Suburban,11/11/2025,1.531757344,4,278
6/10/2024,Personal Care,1169,5.300678392,0,Suburban,11/11/2025,8.82105482,4,146
6/11/2024,Snacks,1795,14.87467679,1,Rural,11/11/2025,8.707267161,3,416
6/12/2024,Household,1586,12.37735763,0,Suburban,11/11/2025,13.23148594,7,65
6/13/2024,Beverages,691,2.225334154,0,Suburban,11/11/2025,8.589168297,9,328
6/14/2024,Personal Care,1433,17.66754969,1,Urban,11/11/2025,14.4169698,5,184
6/15/2024,Beverages,1209,17.66797349,1,Rural,11/11/2025,1.206075302,4,75
6/16/2024,Beverages,191,7.277752074,1,Rural,11/11/2025,1.921111429,2,401
6/17/2024,Beverages,1783,7.467711024,0,Rural,11/11/2025,1.138954993,2,61
6/18/2024,Dairy,772,19.79153881,1,Suburban,11/11/2025,3.18651433,5,121
6/19/2024,Dairy,813,12.89734726,1,Rural,11/11/2025,8.348416609,7,182
6/20/2024,Beverages,1035,11.09501389,0,Rural,11/11/2025,9.860796631,9,155
6/21/2024,Personal Care,341,16.92489149,1,Urban,11/11/2025,1.16098479,7,269
6/22/2024,Household,1988,6.420516429,1,Urban,11/11/2025,14.2165779,5,422
6/23/2024,Household,101,9.154469275,1,Urban,11/11/2025,12.71139796,6,226
6/24/2024,Snacks,324,6.087756834,1,Suburban,11/11/2025,4.800880991,3,331
6/25/2024,Personal Care,900,15.99405609,0,Rural,11/11/2025,1.619219188,5,182
6/26/2024,Dairy,1868,11.89363757,1,Urban,11/11/2025,2.963362562,8,71
6/27/2024,Beverages,688,13.51767633,1,Urban,11/11/2025,2.340693999,1,318
6/28/2024,Snacks,215,5.793837747,0,Urban,11/11/2025,2.2876148,1,461
6/29/2024,Household,1789,5.184280726,1,Rural,11/11/2025,8.019144486,7,210
6/30/2024,Dairy,1017,10.27911795,0,Rural,11/11/2025,4.064787916,5,156
7/1/2024,Dairy,1226,15.01374923,0,Rural,11/11/2025,5.69302589,5,328
7/2/2024,Beverages,293,10.97955539,0,Suburban,11/11/2025,14.84782733,1,402
7/3/2024,Household,1289,1.620267873,1,Suburban,11/11/2025,10.42255661,9,284
7/4/2024,Personal Care,970,17.50247862,0,Urban,11/11/2025,14.26021967,1,67
7/5/2024,Dairy,189,2.229050977,0,Rural,11/11/2025,2.567070048,5,291
7/6/2024,Beverages,1809,19.16066519,0,Urban,11/11/2025,6.041022385,9,166
7/7/2024,Personal Care,221,1.477697207,1,Rural,11/11/2025,8.543611148,4,335
7/8/2024,Household,242,14.19455867,1,Rural,11/11/2025,1.612991897,8,331
7/9/2024,Dairy,1093,2.561934211,1,Rural,11/11/2025,0.560717933,6,193
7/10/2024,Personal Care,205,18.30285501,1,Suburban,11/11/2025,10.22129784,3,254
7/11/2024,Personal Care,986,9.824231488,1,Suburban,11/11/2025,9.806382994,4,88
7/12/2024,Personal Care,527,3.612951722,1,Rural,11/11/2025,6.456437745,2,466
7/13/2024,Dairy,1428,7.475498296,1,Urban,11/11/2025,7.599839102,1,203
7/14/2024,Dairy,1995,4.131668832,0,Rural,11/11/2025,6.523923509,8,225
7/15/2024,Snacks,416,4.24105632,0,Rural,11/11/2025,0.84807315,1,498
7/16/2024,Household,734,19.01405808,0,Urban,11/11/2025,5.36288829,1,290
7/17/2024,Beverages,108,9.459676133,0,Rural,11/11/2025,3.067692703,4,471
7/18/2024,Personal Care,873,15.98724301,1,Urban,11/11/2025,1.927150742,6,435
7/19/2024,Snacks,1196,13.15250566,0,Suburban,11/11/2025,14.37244629,9,418
7/20/2024,Beverages,1482,13.85210088,0,Suburban,11/11/2025,9.190716013,1,183
7/21/2024,Snacks,322,3.502175331,0,Urban,11/11/2025,11.06551612,7,95
7/22/2024,Dairy,1539,5.449504489,0,Suburban,11/11/2025,5.072774277,5,99
7/23/2024,Personal Care,652,15.94825637,1,Suburban,11/11/2025,6.200633378,8,215
7/24/2024,Beverages,1493,19.44455792,1,Urban,11/11/2025,3.935397912,7,155
7/25/2024,Beverages,815,5.990837209,1,Suburban,11/11/2025,1.906002229,4,265
7/26/2024,Beverages,1387,6.15980653,0,Rural,11/11/2025,3.095958743,4,195
7/27/2024,Beverages,1963,9.985045523,1,Rural,11/11/2025,12.06395366,6,460
7/28/2024,Beverages,1813,19.69296594,0,Urban,11/11/2025,10.32441418,6,474
7/29/2024,Snacks,1983,6.110219971,1,Suburban,11/11/2025,8.430468702,9,121
7/30/2024,Personal Care,1441,8.732466283,1,Rural,11/11/2025,7.388803157,5,379
7/31/2024,Dairy,1207,17.9381203,1,Rural,11/11/2025,13.87529711,8,322
8/1/2024,Dairy,1441,1.05549962,1,Suburban,11/11/2025,1.554656743,5,296
8/2/2024,Dairy,210,1.755553335,1,Suburban,11/11/2025,4.568711792,2,495
8/3/2024,Dairy,350,12.47736186,0,Rural,11/11/2025,5.574098877,6,462
8/4/2024,Snacks,482,18.24022313,1,Rural,11/11/2025,11.84517428,9,235
8/5/2024,Household,106,5.538276548,0,Urban,11/11/2025,14.89146199,3,119
8/6/2024,Personal Care,558,9.923193719,0,Urban,11/11/2025,3.989722464,1,199
8/7/2024,Beverages,1207,9.558840731,0,Rural,11/11/2025,13.17745634,1,295
8/8/2024,Household,307,9.986455576,0,Urban,11/11/2025,12.54403003,3,311
8/9/2024,Dairy,999,12.82787422,0,Rural,11/11/2025,3.757532266,5,75
8/10/2024,Household,1513,9.925131497,1,Rural,11/11/2025,6.290322413,3,472
8/11/2024,Personal Care,1437,9.501894685,1,Urban,11/11/2025,6.440256605,9,189
8/12/2024,Beverages,121,10.01147999,1,Urban,11/11/2025,14.68419969,8,148
8/13/2024,Beverages,509,12.22648138,1,Suburban,11/11/2025,3.12293257,3,447
8/14/2024,Personal Care,994,11.20314228,0,Suburban,11/11/2025,12.08779058,9,327
8/15/2024,Personal Care,614,17.22858396,1,Suburban,11/11/2025,5.345794356,6,100
8/16/2024,Dairy,1250,1.940440216,1,Rural,11/11/2025,11.09762001,7,200
8/17/2024,Beverages,908,16.83302436,0,Urban,11/11/2025,6.590159562,4,481
8/18/2024,Household,1823,17.03456764,0,Rural,11/11/2025,8.886216565,4,153
8/19/2024,Snacks,973,6.413252409,1,Urban,11/11/2025,12.57287071,2,483
8/20/2024,Snacks,113,9.794187145,1,Rural,11/11/2025,12.16040069,5,138
8/21/2024,Personal Care,1070,9.332231282,0,Suburban,11/11/2025,13.06313616,8,190
8/22/2024,Dairy,1077,5.151686853,1,Suburban,11/11/2025,1.364451217,7,262
8/23/2024,Snacks,1113,8.539140095,1,Suburban,11/11/2025,10.53473302,7,282
8/24/2024,Beverages,1135,1.843367671,1,Rural,11/11/2025,2.529816962,6,443
8/25/2024,Personal Care,186,6.278619383,1,Urban,11/11/2025,6.529369236,3,232
8/26/2024,Household,1647,16.51696133,0,Urban,11/11/2025,8.454532018,5,300
8/27/2024,Personal Care,1008,6.406683733,0,Suburban,11/11/2025,6.339722529,1,58
8/28/2024,Household,1660,16.54592671,0,Suburban,11/11/2025,8.034369299,7,128
8/29/2024,Personal Care,1424,11.10038983,1,Suburban,11/11/2025,14.94963148,9,101
8/30/2024,Personal Care,1366,17.71739087,1,Suburban,11/11/2025,2.460651049,1,435
8/31/2024,Personal Care,221,11.92081153,1,Urban,11/11/2025,10.29411266,2,458
9/1/2024,Household,1270,1.563696238,1,Rural,11/11/2025,6.242014013,3,318
9/2/2024,Household,1690,13.83298394,1,Rural,11/11/2025,2.428642084,3,275
9/3/2024,Personal Care,849,1.852217792,0,Rural,11/11/2025,2.801683069,8,100
9/4/2024,Snacks,1479,9.561343361,1,Rural,11/11/2025,14.26446004,7,235
9/5/2024,Dairy,784,18.65910719,1,Suburban,11/11/2025,13.2542217,6,83
9/6/2024,Dairy,1856,4.138874847,0,Suburban,11/11/2025,13.65210843,4,340
9/7/2024,Dairy,1754,8.407574706,1,Suburban,11/11/2025,14.87722525,9,279
9/8/2024,Household,408,14.86734587,0,Rural,11/11/2025,3.520573155,1,180
9/9/2024,Household,794,17.76291257,0,Suburban,11/11/2025,5.653870392,2,169
9/10/2024,Snacks,387,13.74791709,0,Suburban,11/11/2025,10.20367593,4,492
9/11/2024,Dairy,406,5.90529183,0,Urban,11/11/2025,7.515136828,3,375
9/12/2024,Dairy,1935,13.81754921,0,Urban,11/11/2025,6.566648234,1,296
9/13/2024,Personal Care,1717,6.637825181,1,Suburban,11/11/2025,5.688263115,5,481
9/14/2024,Household,1013,14.65015537,0,Urban,11/11/2025,9.109819163,7,241
9/15/2024,Dairy,1846,19.12662942,0,Urban,11/11/2025,8.846104715,2,452
9/16/2024,Snacks,761,14.70647557,1,Suburban,11/11/2025,2.841138594,5,372
9/17/2024,Snacks,648,17.39472956,1,Suburban,11/11/2025,7.340227644,6,259
9/18/2024,Dairy,1475,1.03997302,0,Suburban,11/11/2025,8.525340755,7,152
9/19/2024,Household,411,14.63387037,1,Suburban,11/11/2025,8.769160612,1,378
9/20/2024,Snacks,972,16.76216358,1,Rural,11/11/2025,3.546554297,7,421
9/21/2024,Personal Care,1182,1.770616013,0,Rural,11/11/2025,11.26293519,4,182
9/22/2024,Snacks,1766,17.56035682,0,Suburban,11/11/2025,0.865386875,8,372
9/23/2024,Beverages,1023,5.877190338,1,Urban,11/11/2025,5.645061905,4,188
9/24/2024,Beverages,1837,13.64054994,0,Suburban,11/11/2025,11.8130834,6,170
9/25/2024,Household,854,16.2067427,0,Suburban,11/11/2025,8.676447355,9,143
9/26/2024,Dairy,134,13.59062575,1,Urban,11/11/2025,4.286855271,5,178
